"","PC1","PC2","PC3","PC4","PC5","PC6","PC7","PC8","PC9","PC10","PC11","PC12","PC13","PC14","PC15","PC16","PC17","PC18","PC19","PC20","PC21","PC22","PC23","PC24","PC25","PC26","PC27","PC28","PC29","PC30","PC31","PC32","PC33","PC34","PC35","PC36","PC37","PC38","PC39","PC40","PC41","PC42","PC43","PC44","PC45","PC46","PC47","PC48","PC49","PC50","PC51","PC52","PC53","PC54","PC55","PC56","PC57","PC58","PC59","PC60","PC61","PC62","PC63","PC64","PC65","PC66","PC67","PC68","PC69","PC70","PC71","PC72","PC73","PC74","PC75","PC76","PC77","PC78","PC79","PC80","PC81","PC82","PC83","PC84","PC85","PC86","PC87","PC88"
"21103_B",-1.548,2.302,0.065786,-2.5639,4.574,-0.76586,4.2614,-2.8378,0.43228,-3.1189,2.6024,-3.5325,-2.1177,0.72429,-3.0472,1.8931,-0.49706,1.4202,-0.20096,1.0528,-2.688,0.37152,-0.25372,0.85134,-1.3177,1.3857,-1.7583,0.0063312,0.51417,-1.3776,-0.67729,0.60987,0.31635,-0.70965,-1.178,0.46024,0.78453,-0.11232,-1.3251,0.71726,0.0077096,0.40723,0.56378,-0.89122,-0.2701,-0.21463,-0.85583,-0.19085,0.65602,0.6025,-0.25696,-0.064534,-0.13467,-0.38581,-0.0197,-0.4297,0.20426,0.33555,0.77463,1.198,-0.0058357,-0.20966,-0.36665,-1.2036,-0.95599,-1.4284,2.0549,0.15894,1.3195,1.5383,-0.40588,-1.7085,-0.26503,-0.68684,-0.64102,-0.88985,0.34715,0.95822,0.51577,0.068843,0.62889,-0.081044,-0.5251,-0.3994,0.51346,0.13359,-0.51429,-2.5803e-15
"21106_B",-15.329,1.0304,4.8336,-0.54973,3.4892,-2.768,2.3012,1.7065,-2.8787,1.4256,1.5745,-3.8025,-3.7921,0.64429,0.99633,-0.15996,-1.1649,5.1767,3.5035,1.1813,-1.1443,-0.91141,2.3684,0.90162,1.3477,0.049481,-3.5135,1.8692,-1.7497,-0.43996,0.40377,1.77,-0.42749,-0.34615,0.53494,0.21835,-2.3743,0.34458,3.4731,-0.94166,0.6216,1.3043,0.29867,0.53606,0.9213,-1.2302,1.9312,-0.25892,-0.75301,0.0547,0.0073051,-0.53057,0.041316,0.78102,-0.7748,-0.21428,-0.31784,1.4373,1.0653,0.74884,1.2924,-0.014434,-0.3827,0.37228,-0.16476,0.56325,-0.44364,-0.84655,-0.67416,0.31859,-0.47574,-0.17696,0.21854,-0.024979,-0.15702,0.28109,-0.28605,-0.30944,-0.096322,-0.25899,-0.17254,0.18557,0.17181,0.049041,0.053335,-0.11956,-8.5214e-05,1.5817e-14
"21117_B",-6.1477,6.056,-0.10122,-0.5751,1.8283,-0.37267,2.3853,-1.4819,-0.97976,2.4746,3.7862,-2.3685,0.90773,-0.50033,-2.9638,2.5091,0.32569,0.21229,-0.16999,2.0986,-1.6502,0.33129,1.6177,0.39747,1.0212,-0.18018,3.2055,-2.4599,-2.3323,2.4438,0.49615,1.2445,0.56186,1.4489,2.1812,0.80211,0.51856,-0.16561,-0.63054,0.99555,-0.95758,-0.71689,0.40697,0.05311,0.19648,1.1243,-0.62936,0.31927,-0.14032,0.05033,-0.72428,-0.65954,0.69063,0.15034,-1,-0.14462,-0.43434,0.17937,0.31801,0.40405,0.073084,0.012302,0.49221,-0.087196,0.22241,-0.20857,0.14417,-0.17931,-0.64354,0.0025561,0.41148,0.83322,-0.57119,0.14426,-0.29542,0.49265,0.3328,-0.19728,-1.2805,0.71683,-1.1176,1.7868,-1.1797,-0.35809,1.1684,0.28884,-0.22485,6.6993e-16
"21121_B",-14.983,10.716,3.6737,3.9562,-0.086365,-0.12448,3.6951,1.5481,-0.74325,0.58053,-0.22711,-0.20683,-0.42864,-1.5957,1.6459,0.55691,-0.44538,-1.9536,-0.74227,1.3548,1.9014,0.34543,2.3856,0.076179,-2.6518,-1.9369,0.69353,-2.2626,-0.78555,-2.4061,-2.3618,-2.5367,1.1556,-1.1341,0.70474,-2.0907,-1.8123,-0.19275,-1.4022,-2.3941,0.39475,-2.1954,-0.080238,-0.25755,1.0817,-0.28805,1.4461,-0.57269,2.4421,1.5163,0.25042,-0.24983,0.82066,1.2331,0.61207,-0.81858,1.0557,-0.67733,0.26042,-0.2917,1.0958,-0.91909,1.009,-0.024802,-0.25316,-0.33113,-0.099817,-0.54969,-0.32996,0.20841,-0.18508,-0.24577,-0.71738,-0.17862,0.096095,0.52891,-0.079089,0.21157,0.15371,-0.31323,-0.27106,0.036287,-0.10845,-0.056564,-0.21263,0.073784,-0.17978,1.2817e-14
"21134_B",-4.3948,6.5488,2.5141,-0.85216,5.3916,-2.1129,1.7115,-3.46,0.44308,-0.91518,2.3407,0.7827,-0.12085,1.3065,1.0198,-1.127,-0.8608,-0.12966,-0.8492,-0.55531,0.045511,-0.70012,-2.2446,0.49322,0.6072,2.0312,-0.0046685,0.088791,-0.51651,0.34978,1.3573,-0.0096906,2.1443,0.20814,-1.8157,-0.93211,0.54143,-1.4203,-1.0157,-0.25629,-0.99866,-0.74964,0.63834,0.39963,0.56375,0.92963,2.2745,0.62069,-0.3739,-1.2123,0.043335,0.53947,0.11535,-0.77888,-1.4863,-1.08,0.17198,-0.99445,0.037794,1.2517,-1.1816,-0.28242,-0.83496,2.0209,-1.1105,0.091736,-0.33437,-0.70889,-0.1474,-0.01172,0.20462,0.64318,-0.36448,-1.2461,1.1573,0.41599,-0.96511,0.13872,0.41263,0.11896,-0.48711,-1.181,-0.76562,0.043667,0.20924,-0.39742,-0.41693,3.7849e-16
"21150_B",-13.663,12.604,3.6376,5.5679,1.4693,1.2995,2.7357,1.0472,1.3209,1.1601,0.19119,-0.021955,0.85315,-0.53271,1.9081,-1.1483,0.32169,-1.9516,-0.49293,0.090976,-0.083586,-1.0263,-0.82542,-0.29809,-1.0708,-0.060299,-1.2097,0.68124,0.7216,-0.61097,-0.097703,-0.86957,1.231,-0.30454,0.94954,1.1173,1.2192,0.16306,0.060585,0.86027,0.029754,2.4161,0.37805,0.89285,0.67229,0.85693,-0.83217,0.27976,-0.27984,0.72016,0.21493,-0.94892,-0.12139,-0.35848,-1.9873,0.70256,0.21206,1.5176,1.551,-0.56717,0.72706,0.70634,1.2989,-0.96948,0.2545,-1.0807,0.35435,0.12856,0.77915,-2.0087,0.41288,0.82795,-1.1516,-0.3221,1.8432,-0.39233,0.0070987,-0.059319,0.15346,-0.70051,0.21406,-0.22242,0.19202,0.054568,-0.20472,-0.2332,-0.14632,2.4927e-14
"21151_B",-5.667,8.5494,1.7445,2.1665,0.2558,-2.5692,0.9797,0.34037,-0.063631,1.4447,3.1983,1.3051,4.0847,-0.94166,-1.0203,4.1122,-2.4397,0.29604,-1.1878,0.53887,-1.6581,-0.72254,-2.4233,-0.50781,2.4704,-2.754,0.32581,0.083165,1.8108,0.25595,2.1139,-2.0384,-3.0571,-0.23831,-2.272,-0.12325,-1.9768,1.3545,0.79566,-0.59288,0.047288,-0.004303,0.6007,0.49211,-0.58091,0.63647,0.054734,0.50341,0.58198,0.68274,-0.55438,0.32989,0.72662,1.3948,-1.1288,-1.6196,-1.3633,-0.43941,-0.15854,1.1496,0.15157,-0.35041,-0.81723,0.20557,0.71885,-0.081317,0.069757,1.291,0.1315,-0.46473,0.85518,-0.2386,-0.64278,1.3879,-0.019429,-0.19287,-0.020276,0.063902,0.42542,-0.23761,0.60626,-0.14695,0.1906,-0.2162,-0.019725,0.39046,0.1355,-4.7386e-15
"21217_B",-7.0774,12.115,0.41795,3.0763,1.1536,2.0565,0.72431,-1.0791,0.85165,0.24116,1.3273,-0.11809,3.3027,-0.033106,-0.51854,-0.00043447,-0.77831,-1.7731,0.04621,-0.73622,-1.0783,-0.048566,-2.4358,0.047289,-0.65955,-0.68021,-1.3613,-0.084508,-0.31388,-0.12343,-0.089541,-1.5533,-1.9927,2.1544,1.4844,3.1255,0.7966,-1.1862,1.0354,-0.90263,-0.9791,-0.40395,-1.4349,-1.5223,-0.16942,-1.9062,1.5408,-0.85907,-0.0018913,0.24465,1.1359,-0.30135,0.55868,1.0819,1.0512,0.91522,-0.6836,0.64484,0.17617,-0.61032,-0.90356,0.28383,0.3924,-0.037311,0.24733,0.76131,-0.6028,-0.30236,1.7153,1.294,0.81423,0.30095,0.13208,-0.64144,-0.064928,-0.84542,-0.8438,-0.49626,-0.54301,0.65614,-0.37483,-0.49361,-0.58747,-0.60094,-0.28599,0.10698,-0.068787,1.7748e-15
"21233_B",-12.353,8.8817,5.4097,1.7852,2.636,-0.85173,3.1138,1.4201,-1.2889,1.4025,1.5049,-0.36693,-1.8145,0.55995,0.47434,0.19967,-1.3149,0.72826,-1.3997,-0.046767,1.5995,0.98939,2.2537,1.1067,0.18347,-2.8516,-0.29807,0.17992,2.1887,-0.77708,-1.0212,-2.1156,-1.4038,0.79677,-0.3171,-1.8057,-0.097643,-0.76065,-1.57,-1.4354,-1.6847,0.1991,-0.2916,-0.33673,-0.40126,-1.9083,-1.0349,-2.3469,-3.0825,-2.3089,-1.2114,0.94299,-2.2355,-1.1767,-0.32215,-0.75904,-0.37814,0.54391,-0.73533,-0.86866,-0.11092,0.373,-0.094248,0.27833,-0.41046,-0.10016,0.43199,0.14837,0.0028588,-0.23749,-0.0058124,0.0096935,0.043375,0.014354,0.27786,-0.018758,0.28405,-0.0019836,-0.41181,0.13068,-0.213,0.43418,0.13967,-0.16058,0.29901,0.17841,-0.015023,9.1538e-15
"21235_B",7.689,7.9769,-3.3228,-2.1935,5.8,-1.4651,-0.74564,-7.5673,2.9743,-1.6567,-0.94209,0.82123,-3.1582,-1.4591,-4.3141,-0.93889,0.24037,0.1156,0.31717,-4.7187,0.50568,1.0163,-0.6245,-2.8523,-1.4152,-1.446,0.17628,0.51682,-1.3779,1.5584,-0.53074,0.032078,-0.67699,0.75585,-1.0592,-0.90613,0.28727,-0.10373,-0.39047,-0.41511,0.74554,0.80266,-0.43502,0.98211,1.2491,-0.31325,-0.76485,-0.76148,-0.053307,1.0149,-0.2299,-0.36733,0.22173,-0.83713,-0.28102,-0.71645,-0.1752,-0.5675,1.5316,0.67175,0.13174,-0.40599,-0.49837,0.086337,-0.0083898,-0.081878,-0.45591,-0.72694,-0.10872,-0.26331,-0.42934,0.54653,0.045128,-0.15727,-0.28002,-0.1568,0.75065,-0.1166,-0.26556,0.92609,-0.31503,0.37416,0.6305,-0.97517,-1.8186,0.72025,0.8256,-2.055e-14
"21241_B",-8.3219,7.495,4.0083,2.0054,3.8982,-1.5073,0.178,2.9578,1.2016,-1.1719,-0.28357,-1.4413,-3.3429,0.79209,-0.75101,-1.4786,0.47425,2.2537,1.5617,-1.7712,2.2802,0.61417,-0.019372,0.9352,4.3132,4.0811,3.4511,3.3936,3.7122,0.33408,0.39446,0.36975,0.26347,1.6536,-0.25023,0.9471,1.1164,2.6932,-0.013654,-2.5925,-2.3724,-0.8529,-0.87929,0.46715,-1.0185,0.37224,-0.63655,-0.15896,1.0251,1.2039,0.8864,0.48804,0.44638,0.01854,0.31578,-0.49584,0.92671,-0.030664,0.76797,-0.80944,0.23623,-0.72285,0.37882,-0.48317,0.020818,-0.029877,0.17355,-0.015485,-0.14596,0.10195,0.29533,0.31773,0.27422,-0.048771,-0.24734,0.34012,-0.11621,0.057816,-0.1049,-0.076249,0.071487,-0.055799,0.053213,-0.055834,0.14674,-0.032779,-0.030483,-8.7953e-15
"21248_B",22.781,-0.79926,16.407,1.959,0.64696,2.3796,-7.1343,3.7319,0.045481,0.74345,-3.8795,-9.3071,3.3073,-0.30504,-2.2545,-1.5262,1.5304,1.4337,-3.2538,-1.525,-1.2359,-0.2769,-0.47401,0.35073,0.85563,-0.53662,-0.17448,-0.88207,-0.56503,-0.20404,-0.1127,-0.59858,0.19084,-0.33074,0.55335,-0.23824,-0.65159,0.2706,-0.20403,-0.11249,-0.7089,-0.39293,-0.17866,0.041469,-0.21205,-0.44499,-0.1061,0.47088,0.49711,0.31444,0.036354,-0.25345,-0.032281,-0.013911,-0.32129,0.016414,0.10058,-0.57785,-0.1709,-0.48152,0.044606,0.17811,-1.7422,0.43021,1.3074,-0.36138,-0.063369,-0.28452,0.63995,-1.5109,-0.96656,-1.6622,0.25961,-1.0684,0.51191,0.42447,-0.68228,0.016645,-0.82371,0.39336,0.15017,0.32591,0.17501,-0.38368,-0.016496,-0.41947,-0.10936,4.5667e-15
"21257_B",7.4571,8.7847,-10.48,-10.525,-11.516,6.7556,5.3881,3.1433,0.33853,2.2064,2.8119,-2.4019,2.2615,-5.3456,0.088778,-0.67273,2.0892,1.9441,-0.75502,-0.5056,-0.7285,1.9802,0.0094899,-1.0862,-0.49971,1.5459,-0.31766,0.59454,-0.022813,0.52906,-0.56477,-0.7023,0.89718,0.5014,-0.94014,0.50771,0.38226,0.76212,0.55639,-0.046511,0.6467,0.21478,-0.2621,0.48664,-0.20337,-0.17734,0.40087,-0.52964,-0.086458,-0.53349,0.010379,0.042479,-0.094667,-0.034732,0.1213,0.037805,0.73309,0.24567,-0.15789,-0.28037,0.40474,0.29174,-0.085714,0.41703,0.48829,-0.087046,-0.31906,0.028839,-0.82849,-0.26292,-0.40152,-0.4404,0.55479,-0.15488,0.71737,0.13999,0.49028,0.053,0.35435,0.41174,0.1981,-1.0354,-0.73145,0.15285,0.46951,2.4524,-0.17211,4.8802e-15
"21281_B",-9.773,2.4885,0.19852,-2.737,-3.2377,-3.1135,-4.3059,6.8592,-0.97213,-0.99622,-2.4501,-0.24693,1.7581,-2.3776,0.61889,2.0292,-2.46,-0.90388,4.6445,-1.6414,-0.44792,-0.81228,-1.6273,-2.0197,1.4047,0.15546,-2.5596,-1.6273,0.31684,1.0754,-1.4047,1.5732,1.073,0.4369,0.11137,-0.43628,0.5145,0.53179,-0.62565,-0.17524,-0.83001,-1.5925,-0.60462,-0.67523,0.60249,1.0811,-0.083585,-0.86315,-0.46784,-0.69151,-0.10768,-0.013606,-0.4071,0.18209,-0.55986,0.61134,0.38326,1.0019,-0.60932,0.087756,0.90426,0.35314,-0.063869,0.32652,-0.32724,-0.16323,0.17293,0.90283,-0.15004,-0.53952,0.0070703,-0.10666,-0.35436,0.45975,-1.0334,0.40845,0.76594,1.0208,-0.15037,0.43878,-0.018844,-0.64769,-1.5357,-0.37315,-1.4798,-0.80487,-0.29866,-1.5652e-14
"21282_B",-8.0034,4.679,-0.82089,-5.4901,-0.11267,-2.1877,-5.808,1.6542,4.2075,-0.64442,0.61268,2.4611,1.4053,-3.522,0.70321,2.6206,1.1074,-0.18033,0.59832,0.85776,-0.61101,-0.11304,0.059276,-1.9715,2.8487,-1.2752,0.1273,0.52808,-0.16129,-1.6046,2.1963,-0.16635,2.8953,-1.338,2.3603,-0.20041,1.3011,0.19348,0.069095,0.36557,0.13571,0.4859,0.17354,-0.65055,0.38217,-2.0929,0.020649,-0.14342,0.45695,-0.3262,0.61077,0.53019,0.34092,0.11265,-0.52726,0.51633,0.68477,0.25486,0.028699,0.0059427,-0.89862,0.61724,-0.54542,0.94721,-0.58149,0.13537,0.63943,0.49703,0.47543,0.79492,0.50785,0.023743,-0.39407,-0.61896,-0.31083,1.2307,-0.0043166,1.2114,-0.016179,-0.79882,-0.3717,0.76207,1.6233,-0.13252,0.074168,0.71557,0.63466,3.2137e-15
"21289_B",5.7626,-3.2155,4.6498,-14.766,2.9812,7.3056,5.7474,-3.6137,-2.9025,-2.3713,-4.2826,-0.9405,-0.040995,4.0617,0.8074,0.74589,-1.0883,-2.5898,0.82897,-1.26,-0.3936,-0.041349,1.1571,1.3606,2.3407,-3.5805,0.3287,0.052901,0.85987,0.24677,1.4489,-0.033711,2.1317,1.3773,-1.1852,-0.71707,1.5077,-0.10256,-0.93982,-0.33461,0.45259,0.37681,-0.11908,0.35176,0.42036,0.33169,-0.07699,-0.83988,-0.16654,-0.025761,0.52868,0.46952,-0.080722,1.9337,-0.46952,1.4339,1.2249,0.37092,-0.17944,1.5257,0.048406,-0.1854,0.87223,0.13349,1.2778,0.66995,-0.21179,0.35706,-0.49584,-0.041728,0.32921,-0.94608,-0.30535,-0.56082,-0.33707,-0.73369,0.18012,-0.86954,-0.15814,0.25732,0.059336,-0.071598,0.47354,0.46058,0.10294,-0.18741,0.01168,3.0288e-15
"21300_B",-1.4643,5.0482,-2.2322,-5.3444,-1.836,-2.0196,-3.1606,1.6336,-5.1952,-1.3924,-4.2579,1.4458,-1.0135,1.9612,-1.3935,0.13063,-1.5341,-1.1787,2.6302,-1.2808,-1.1255,-1.1712,0.073827,0.42412,-2.0036,3.5874,1.7102,-0.45903,-0.33715,1.4962,0.078562,-2.6975,-0.208,-1.7405,0.12538,-0.021984,-0.62866,-0.68935,0.40733,0.65653,-0.86636,1.0275,1.4325,2.5234,-1.8705,-0.97035,-0.51474,-0.043969,0.055246,-0.10935,0.28795,0.0064979,-0.39879,0.6678,0.80982,0.81012,0.45281,-0.44826,-1.3468,0.4663,1.9213,0.57195,-0.78305,0.35387,-1.1848,-0.91363,-0.013418,0.2213,0.19489,0.21734,0.58293,0.10886,-0.63944,-0.16928,0.037251,-0.4455,-0.83362,-0.86272,-0.4218,-0.56046,-0.51064,0.20139,0.027643,-0.7692,-0.075327,0.50612,0.12482,-5.3522e-15
"21328_B",43.488,6.5305,19.091,3.5066,-15.07,-2.7473,1.1161,-4.061,3.2226,1.758,0.8913,1.7485,-2.1047,1.7417,-0.12605,0.69885,-1.4595,-1.1218,1.9747,0.97772,0.43337,0.81815,-0.36055,1.1479,-0.22982,0.79414,1.1163,0.16255,-0.58932,0.067108,0.96534,0.8712,0.34446,-0.77425,0.068483,-1.0857,-0.57168,-0.033621,0.99772,-1.0956,0.41428,0.86026,1.498,-3.4373,-0.26413,0.45273,-0.71404,-1.3439,-2.0481,0.92164,2.3783,-0.68806,1.0034,-0.25374,-0.035686,-0.18304,0.1757,-0.58025,-0.60954,0.1589,0.24773,0.18612,-0.042088,0.078941,-0.01307,-0.10103,0.31033,-0.33295,-0.11403,-0.24371,0.19742,0.074565,-0.16419,0.015356,0.13151,-0.18983,0.23265,0.10024,-0.080606,0.020513,0.097217,-0.13826,-0.14595,-0.10426,-0.044878,0.072585,0.014634,4.4301e-14
"21336_B",10.938,4.1406,-1.7011,-8.6823,-0.98962,6.9425,-2.8555,-0.55104,-2.1928,-0.76837,3.8685,3.0851,-5.2784,-1.6987,-2.0136,-1.8506,-0.50828,-1.536,-2.8995,-1.7661,0.40435,-1.6529,0.38808,1.9204,0.61926,0.2285,-1.5358,-1.8993,2.7385,-0.81843,1.5304,0.84787,-2.1603,-2.1257,2.0848,0.68022,-1.3576,0.42939,-0.0071005,-0.36376,0.29472,-0.57008,0.799,-0.20481,0.67371,0.91261,0.21207,0.45465,0.033506,-0.24736,-0.99222,-0.72297,-0.030222,-0.1207,0.16839,0.35424,-0.69749,0.34457,-0.11413,-0.2782,-0.95784,-0.081549,0.64706,-0.48985,0.17772,-0.04396,0.79855,-0.19461,-0.96147,-0.98019,0.0099248,0.44272,-0.25689,-1.2151,-1.6865,0.36903,-1.031,-0.078141,-0.35455,-0.42026,-0.045538,-0.70686,0.030414,-0.42746,-0.24739,0.34247,-0.28991,6.0221e-15
"21353_B",-8.2575,7.3469,0.90538,-2.7061,-3.1833,-2.9041,-5.705,5.5459,0.23313,-3.9756,-2.0334,0.083832,2.2059,0.53881,3.1985,-1.2651,1.4796,-0.62824,0.37223,2.7637,0.59133,2.1031,0.64841,0.51446,-5.8252,-0.90725,1.9193,0.45139,-1.1818,-0.47626,1.8774,1.8009,-1.8615,0.80007,0.015838,0.26038,0.2687,0.07033,0.82796,-1.0086,0.76685,-0.26521,-2.1104,-0.52559,-1.1173,0.79637,-0.073132,0.55942,0.092856,-0.2208,-0.50933,1.0784,0.00046216,-1.1674,-1.4412,-0.8839,0.87519,0.6951,0.67131,0.45049,0.042634,-0.48219,-0.88233,-0.28816,-0.11151,0.46684,0.50233,0.50501,-0.95759,-0.021921,1.0211,-0.22544,-0.30298,-1.161,-0.71074,-0.88093,0.018369,-0.68357,0.013642,0.11736,0.020223,-0.067098,0.27628,-0.089014,-0.00405,-0.020878,0.14215,-2.9851e-15
"21385_B",5.5194,2.3241,-0.50801,-3.8375,3.2092,-3.7329,-5.5632,-4.2003,6.2199,-4.3765,0.49744,0.99305,1.1757,-0.15459,3.8829,-1.8838,1.6141,2.1101,0.62985,2.3004,-1.1924,-0.42595,1.6306,-1.4673,0.71161,1.0353,-1.5369,0.38982,-0.29592,0.14094,-1.4176,-2.314,0.65569,0.47643,1.8587,1.4983,-0.11608,0.97641,-1.114,-2.7094,1.1493,0.34116,-0.51746,1.2845,-1.4224,1.7335,-0.40435,-0.63049,-1.1671,-0.86165,-0.73942,-2.7606,0.24872,0.15546,1.1451,-0.20541,-1.2664,-0.68808,-0.87706,1.3775,-0.25811,0.078964,0.47329,-0.16076,0.48456,-0.14634,-0.28277,0.30293,-0.52059,0.22659,0.1119,-0.5919,-0.14286,-0.24272,0.41951,-0.10475,0.2455,0.18369,0.063089,0.10811,-0.085769,0.011368,0.16704,0.14415,0.11226,-0.3156,-0.22285,-2.9839e-15
"21399_B",-3.131,-0.11753,0.47139,-8.8009,-0.2486,-2.9625,-0.50991,1.1297,0.52947,-0.92122,-0.92572,0.011776,0.22484,1.271,1.2258,2.9644,-0.31423,2.0793,-2.7766,0.9162,2.6853,-0.015804,-1.0486,0.94096,3.4619,2.8987,1.2626,0.48573,-1.092,-0.85681,-1.4009,-1.2911,-2.7435,0.31888,0.80009,0.032004,-0.40756,-1.9436,0.099515,1.4339,0.39379,0.67062,0.64286,-0.3019,2.9468,0.41242,-0.60178,-0.29866,0.81055,1.0494,-0.71901,-0.14016,0.14872,0.20389,-0.5884,-0.14721,-0.24333,-0.012289,-0.9882,-1.4485,0.27268,0.41424,-0.56595,0.17697,0.14234,0.22903,-0.48769,0.15857,-0.68354,0.82297,0.27549,0.046899,0.01115,-1.4933,0.39712,-1.0867,1.8003,-0.036475,0.14539,-0.31413,-0.1636,-0.19443,0.042945,0.27726,-0.36652,-0.40703,-0.13406,-2.5216e-15
"21413_B",32.832,-5.3213,-3.3141,2.7568,6.3941,-7.7445,5.8684,0.67503,-2.0533,-2.4606,-3.5642,0.18891,0.33224,-7.8941,2.5368,-2.3963,0.82821,-3.475,-0.29095,0.2458,-2.9792,1.2175,0.81573,2.5251,0.83752,-0.39948,0.030429,1.1977,-1.7602,0.3642,0.098201,-0.44875,-2.9278,-1.3311,1.2363,-2.6138,3.6777,2.028,1.158,0.17681,-1.8294,0.51293,0.58783,-0.015234,0.81773,0.47505,1.2131,-0.017967,-0.19548,0.42274,-0.52468,0.067331,-0.16721,0.21359,0.43917,-0.020802,0.10919,-0.015205,-0.40855,0.20326,-0.18751,0.21605,0.0027381,-0.11934,0.07708,-0.20403,0.071733,-0.13359,-0.09694,0.20623,0.011346,0.092405,0.16531,0.19768,0.034456,-0.093307,-0.1603,0.10092,0.21604,0.098274,0.10069,0.027516,-0.11993,-0.013781,0.051767,-0.15021,-0.027519,-2.3958e-14
"21444_B",-5.0348,-10.292,1.5478,-3.2401,-2.5956,-7.8544,6.6773,-1.6873,0.93786,-0.8333,-1.5109,1.3338,3.1272,0.51926,0.63401,-0.19766,-3.1602,2.8287,-3.8918,-2.6476,0.27587,-2.063,0.41954,-0.64611,-1.8782,-0.092807,0.21242,1.556,0.65775,0.4092,1.0063,0.25117,1.0338,-1.6606,0.80923,0.24832,-0.70593,0.94399,0.44929,0.60879,-1.0293,-1.2512,-0.8815,-0.20601,-0.45781,-0.37145,-0.51368,0.54145,-0.6874,-0.26591,0.13118,-0.58672,0.42165,0.19456,-0.048234,0.11599,0.12712,0.08696,0.14563,-0.30322,-0.68777,-0.51122,-0.49688,-0.86878,-0.20005,0.38286,0.47022,-0.23956,0.27741,-0.1183,-0.056611,-0.64262,-0.19465,0.29705,0.06793,-0.30678,-0.13389,-0.29937,-0.00093513,-0.48599,-1.7681,0.61978,-0.4048,1.6664,-1.3299,0.60733,-0.89683,-3.8849e-15
"21474_B",-10.046,-9.2784,0.063182,1.612,-2.7475,0.59575,0.56453,2.8204,3.2059,1.7616,-0.8794,2.2906,2.4798,-1.8262,-2.2054,-4.0737,-1.6534,1.0358,2.5985,-0.41726,-1.6398,-1.6527,2.3,-0.2875,0.34994,-0.16047,0.8436,1.0558,-1.4808,-0.98295,0.47673,0.76697,-1.6008,0.38882,-0.46332,0.63333,-1.3649,-1.0987,-3.2233,-0.77804,-0.83114,1.2369,0.91358,-0.29774,0.76039,0.86025,0.65291,-0.057217,0.249,-0.12786,-0.061953,0.65403,-0.28864,0.033402,0.1178,0.5107,-0.050203,-0.72251,0.40827,0.46704,0.062853,-0.13244,-0.037392,0.03922,-0.034708,0.0041703,0.39868,0.35505,0.55716,0.59158,-0.0061394,0.65755,0.045769,-0.66589,0.20885,0.3561,-0.09995,-0.43441,-1.7102,-0.4931,1.9921,0.28863,-0.35035,1.3562,-0.51564,0.50518,0.13462,2.1636e-15
"21482_B",-7.438,-12.094,6.2961,-0.92245,3.4605,2.8297,0.14505,1.3064,2.8276,3.2154,-0.13028,2.4225,-0.51963,-1.1011,-0.76608,-0.034832,-1.1117,-0.42906,1.3513,-0.91299,-1.2393,-1.2145,2.2658,1.203,-0.93801,2.4347,-0.32502,-1.8,1.2892,0.33841,1.3806,-2.6272,0.77059,2.458,-0.89255,-0.9671,0.58548,0.74638,1.6817,0.79557,1.3292,-0.961,-1.1915,-0.7911,0.6516,-0.26209,0.18941,0.028706,-0.078928,0.91622,-0.40287,-0.66502,-0.19241,-0.94083,0.1906,-0.57344,-0.62339,0.16852,-0.27408,-0.045104,-0.049415,0.15112,-0.033661,-0.18464,-0.13904,-0.062628,0.019249,0.466,0.36771,-0.36183,-0.40049,-0.48278,-0.33022,-0.71517,-0.12522,-0.055528,-0.15593,-0.199,0.50223,-0.41017,-0.30559,0.19454,-1.098,0.76973,0.34335,-0.11341,2.5074,-1.8561e-14
"21551_B",-2.9782,-5.8502,-4.6849,0.85625,-0.78771,-1.0864,0.83877,1.2966,2.747,-0.69382,1.0758,-0.26171,3.3411,1.3429,-3.0115,-2.5894,-0.94758,-0.77855,1.4135,1.3002,-1.0117,0.44192,-1.624,1.7066,0.36069,0.28803,3.436,-0.58784,1.3418,-0.74027,-1.5262,1.3727,-1.1691,-1.6025,-0.18311,-0.54436,-0.1067,0.41664,0.01775,1.2083,1.6039,0.04593,-0.18999,0.35807,-0.1843,-1.0188,-0.58485,-0.65415,-0.16472,-0.84689,-0.062761,-3.4416,-1.4647,2.1357,-0.87049,-1.5126,1.715,0.39614,0.68562,-0.31265,-1.0702,0.13766,0.66307,0.61823,-1.3889,0.65841,-0.77472,-0.05365,0.16872,-0.32351,-0.28611,-0.3271,0.38158,0.10064,-0.17438,-0.028812,-0.19501,0.064003,-0.21634,0.25104,0.19497,-0.26822,0.16886,-0.13827,0.011562,-0.23174,0.27337,-6.1923e-15
"21566_B",-14.146,-9.0049,0.95051,0.79069,-3.0514,-2.1469,2.7496,2.0489,5.4761,-1.8382,1.191,-0.77056,0.55793,0.16657,-2.7658,-2.4156,1.3318,-2.6091,0.062901,0.89925,1.8539,-0.50658,0.057871,-0.45172,0.36561,0.58472,-1.3105,-0.40918,0.55098,-0.95808,-0.07194,1.3567,-0.20478,0.4617,0.21956,-0.47637,1.616,-2.4749,1.3749,-0.42764,-0.1441,-0.71738,1.2852,1.4385,-1.4869,0.50052,0.17343,-0.29612,-0.71269,-0.23439,-0.13537,0.71288,0.55858,0.53861,-0.0029317,-0.72451,-0.20027,0.11347,-0.32477,-0.22822,-0.28286,0.0043913,-0.28908,-0.025081,1.0548,-0.31163,-0.41157,-0.59319,1.2247,0.10485,-0.53434,-0.2243,-1.0586,-0.05432,-0.87926,1.4403,1.3803,-2.003,1.117,-0.77743,0.09072,0.19228,-0.075806,-0.61527,-0.019743,0.14008,-0.33734,1.4051e-15
"21576_B",13.76,-3.0822,-12.181,-0.50121,2.8599,-2.0589,1.0077,0.46638,1.751,3.0026,-1.634,-2.9439,0.43014,0.73744,-0.20911,-1.2855,-0.82893,-3.0866,1.3136,2.1614,-0.052375,0.85869,0.1532,-2.1674,-0.1842,0.67122,1.4024,-1.6263,1.3825,0.29204,-0.96467,-0.37477,-0.17831,-0.12122,-0.022413,0.33382,-1.3605,0.43759,1.5964,-1.801,0.40018,-0.83783,0.67364,1.2832,3.843,-0.090521,-1.8551,1.6828,-0.48325,-2.6888,2.8997,1.4204,0.10226,0.17427,0.60964,-0.17739,-0.75073,0.75873,0.10524,0.43432,-0.50114,-0.36511,-0.45192,-0.61928,0.17383,-0.20334,0.61067,-0.19642,0.052667,0.09244,0.029661,-0.017602,-0.053106,-0.29339,0.30438,-0.31378,-0.24978,0.16482,0.098603,0.10612,0.0051981,0.095766,0.094961,0.11624,0.09479,-0.081405,0.01491,-7.4306e-15
"21622_B",28.304,-7.472,3.6523,1.3099,7.9426,4.9172,2.0174,3.4323,-3.9459,1.3206,-1.3358,2.2588,-1.5257,-1.8771,-0.71693,1.6818,-2.4255,1.9387,-2.4635,4.7054,3.1478,0.18263,-0.66691,-4.6259,-1.27,1.113,-1.378,-1.1371,0.21342,-0.35431,1.2085,1.5813,-0.77405,1.5579,0.35094,0.087938,-0.0068945,0.34065,-2.0207,1.0986,-0.28137,1.1245,-1.0403,1.7448,-0.58468,0.17964,1.3457,-0.64711,-0.91744,1.5825,2.3657,-0.71167,-0.42164,0.2677,0.68472,-0.99219,0.67888,0.91093,-1.0734,0.22507,-0.56064,-0.65975,-0.22906,0.1437,-0.18281,-0.051993,0.081812,0.33083,0.09831,-0.26241,0.087282,0.16645,0.15934,0.024073,0.12021,0.13877,0.12267,-0.021767,-0.18771,-0.16133,-0.022304,0.15572,0.12751,-0.16581,-0.013288,0.087503,-0.039972,-1.1795e-14
"21658_B",-6.6145,-12.659,6.4114,-1.8422,2.4923,2.8429,-0.1386,2.3024,0.55104,-0.009797,2.9582,1.5295,-2.2967,-0.48053,-0.26753,-0.90096,-0.72321,-0.047256,0.0036088,-0.69503,1.5712,2.2683,-3.2173,1.4377,-0.069326,-1.7558,-0.49031,1.4507,-3.9254,-0.72304,-0.34134,-1.9333,0.2287,0.74677,0.63932,2.0104,-0.4398,2.4292,-0.13827,-0.19158,0.44435,-1.468,1.29,1.0673,-0.68157,-0.042373,-0.61128,-0.10237,0.09786,-0.41885,0.53836,0.27997,0.40317,-0.19975,-0.78354,0.25354,0.59753,0.08789,-1.2137,-0.44087,0.10893,0.40631,-0.57498,-0.18872,-0.90831,0.52251,0.17005,-0.65702,0.36508,-0.39821,-1.3555,0.87158,-1.7381,0.30552,-0.7841,-0.76728,-0.0096845,0.27947,0.26388,1.2448,0.53989,-0.019857,0.37452,0.78712,0.42655,0.024285,-0.0196,-5.704e-16
"21686_B",31.409,0.4015,-5.812,3.972,2.5801,-0.26407,2.5379,6.9813,0.61831,-0.0074172,2.8697,3.3338,1.4835,6.0301,0.88431,0.74808,5.526,2.6853,1.5106,-3.2865,-0.76916,-0.85129,-0.18863,-0.74168,-0.8477,-0.84678,0.090879,-0.38488,0.2069,-1.0767,0.58809,-0.42251,0.53308,-0.34761,0.46052,-0.67715,0.41759,-0.60007,0.90322,-0.22197,-0.2034,0.10637,1.1655,-0.33981,0.29187,-0.16154,-0.40262,-0.63938,0.6149,-0.15251,-1.6571,0.10248,1.6392,-0.038648,0.65386,-0.061061,0.51565,2.0432,-1.1597,0.52042,-0.75474,-2.3224,-0.025234,0.3923,-0.17745,-1.0137,-0.47884,0.35208,0.3158,-0.32044,-0.62216,0.59711,0.48087,0.035846,0.27902,-0.47887,0.1125,0.11022,-0.61924,0.10707,0.10229,0.094827,-0.033627,-0.03056,0.043924,-0.069793,0.0084977,9.1841e-15
"21730_B",-8.8399,-9.3957,3.8344,1.05,-1.0386,1.7907,2.1791,2.8216,2.9313,-2.683,0.99114,0.80384,-2.1255,2.1167,-1.3003,0.35805,2.2805,-2.3838,-0.74112,2.4747,-1.1538,2.2004,0.48412,-1.4937,1.0138,-0.77716,-1.0925,1.6382,-0.099664,4.7189,-0.045461,-1.4414,-0.14335,-2.4789,-0.92818,-0.56647,-1.4913,-0.98114,0.37465,0.082154,-1.6718,0.32625,-2.2486,-0.60133,0.46339,-0.13474,0.54677,0.088592,0.54639,-0.073763,0.92906,-1.3786,-0.8052,-0.77055,-1.6501,1.939,-0.22207,-0.5307,-0.27185,-0.80868,-0.41616,-1.6905,-0.11715,-0.64226,-0.12632,-0.86153,-0.8888,0.78635,-0.56017,0.72051,-0.42157,0.0085293,-0.37318,-0.023453,-0.19299,0.38209,-0.30199,-0.09935,0.24586,0.038896,0.33562,-0.012219,-0.0078946,-0.2857,0.14781,0.10577,-0.044047,3.2908e-15
"21786_B",-8.5826,-10.513,1.2543,-0.76714,-1.1278,-3.6825,-2.3805,-5.7204,-6.5687,1.8347,6.0825,-4.3541,2.039,-1.1214,-0.75208,-0.72466,4.0595,-1.1811,3.0983,1.7747,2.6378,-3.0478,0.045079,-1.7962,-0.50958,0.28092,0.61039,0.34178,0.34881,0.70596,0.70277,-1.5793,-0.65156,-0.38576,-0.66283,-0.041021,0.29352,0.017462,-0.48796,-0.46321,0.26692,0.025818,0.44525,0.22043,0.66969,0.20677,0.99896,-0.28976,-1.1475,0.22238,-1.1004,-0.55241,0.84018,0.0044343,0.018164,1.4335,1.3908,-0.57154,-0.010958,-0.84843,-0.27595,-0.95349,-0.47591,-0.45816,-0.021438,1.7549,2.2776,0.34516,0.26395,-0.21409,-0.16466,0.13195,0.34622,0.45601,0.45831,-0.16254,0.32967,-0.16076,0.10365,-0.052953,-0.23762,-0.41392,0.13624,-0.47624,-0.064757,-0.20814,0.34655,-7.4086e-15
"21787_B",-11.249,-6.1249,-3.1261,1.3694,-4.9358,-0.40452,-4.0667,0.52607,-5.9767,2.7112,0.60755,1.4961,-4.0145,1.5901,-1.8604,2.3262,1.3972,-2.4314,-3.394,-0.15703,-4.7808,-2.7719,0.14174,-1.2685,-0.36879,0.38942,-0.37068,2.2201,-1.115,-1.4266,-2.8033,0.63126,0.77746,2.554,0.24891,-1.6952,0.81894,1.1445,-0.2035,-0.67194,-0.18119,1.4024,-0.05629,-0.4777,-0.28902,0.84677,0.045102,1.1299,-1.0438,-1.1838,0.47622,-0.17273,1.143,0.54687,0.52035,-0.90658,-0.089487,-0.4254,1.2027,-1.652,-0.081813,-0.56494,0.14686,1.1084,-0.10757,-0.084466,-0.63948,1.2875,-0.065349,0.19882,-0.074218,-0.47232,-0.74015,-0.24366,-0.38692,-0.5365,-0.1784,-0.15971,0.039211,0.019192,-0.05125,-0.0012247,0.25846,0.12819,-0.040027,0.11824,-0.10733,4.6679e-15
"21837_B",-3.3175,-13.587,11.299,-0.7955,8.668,10.78,-3.8487,-2.9159,3.6017,5.1475,0.40575,0.32367,-0.034709,-5.0558,5.7995,5.4782,0.88321,1.8396,0.41515,-0.6368,-0.026618,-1.2474,-1.7665,0.95393,-3.6578,-0.42794,1.6312,2.0987,1.8813,2.7088,-1.7406,1.5462,0.058292,-0.88638,0.65792,-0.23975,-0.22748,-1.7567,1.1461,-0.99654,-0.87394,-0.011894,1.8444,-0.17753,-0.2284,0.62562,-0.40691,-0.50177,0.58077,-0.58555,-0.20105,0.21852,-0.72085,0.85733,0.50963,-0.019723,0.48949,-0.20291,0.64359,0.13289,-0.31147,0.10713,-0.22378,0.0098502,-0.049054,-0.32716,-0.1846,0.015051,0.051476,0.14182,0.19121,0.064087,0.11519,0.0144,-0.13365,-0.15063,0.14219,-0.20389,0.020476,-0.018588,0.12384,0.014956,-0.13949,-0.056975,-0.033926,0.07328,-0.042668,2.4798e-15
"21840_B",-11.158,-6.4375,-1.2154,4.4196,-1.8244,1.3677,-0.89921,-1.4857,-0.078037,-0.57324,0.1603,-0.15997,-0.59965,0.077718,2.2703,0.73251,0.21739,-0.61147,-1.3433,-0.80868,-1.5586,1.5118,0.26465,-0.46,1.3989,1.4069,2.3827,-2.1653,0.51761,-2.14,-0.43519,0.70625,0.97329,-1.5115,-0.80788,0.86838,-1.039,1.0341,0.17834,0.65162,-0.16738,0.40715,-0.56207,-0.28373,0.97165,0.047014,1.3086,-1.8633,-1.3243,0.66152,-0.86791,1.2275,0.26568,-0.60837,1.2864,0.22874,0.46828,-0.055821,0.68931,1.3892,-0.30634,0.85661,-1.1055,-2.2716,-0.48075,1.008,-1.7933,1.7583,0.14197,-0.25046,-0.91177,0.52239,-0.736,-0.24453,0.37452,0.17625,-0.15063,-0.30416,0.051254,0.15803,-0.10701,0.10947,0.080252,-0.60011,0.12164,-0.043971,-0.50852,-3.6019e-15
"21864_B",-12.871,-10.374,2.2033,1.8734,-1.6894,-2.3386,2.6042,-4.2347,-1.8099,-1.4718,3.1795,-2.5828,-3.8411,-0.2936,4.7467,-2.534,-1.5971,3.0173,0.1384,-2.6582,0.45072,0.7828,-0.8359,-1.7458,0.61034,-1.2941,-0.63008,-4.4043,-1.2515,0.30723,1.9152,-1.8544,0.38259,-0.074918,-0.21026,0.22149,1.078,-1.5855,0.8389,-0.42609,-0.63953,0.91718,-1.5211,-0.43908,-0.34995,1.4375,-1.3532,1.426,0.081888,-0.56643,0.20102,0.015491,0.72695,1.074,0.0015164,-1.1422,1.5037,0.070305,-0.20968,-1.2898,-0.2809,1.1553,-0.16815,-0.24024,-0.36377,-0.81626,-0.52013,0.18694,-0.24031,0.3675,0.42737,0.012891,0.96286,0.2315,-0.32852,-0.014218,-0.42919,0.11553,-0.21278,-0.39366,1.0556,0.31651,-0.0049385,-0.30917,-0.07108,0.12609,0.034616,-2.0152e-14
"21872_B",17.696,0.98573,-13.518,7.041,-0.30968,4.1044,-1.6974,1.0724,2.9158,-2.562,0.86967,-2.6787,-0.78605,-0.64094,0.27973,1.7693,-2.7292,-1.6781,-0.29012,-0.059534,3.5633,-4.9459,0.14154,2.353,0.5892,0.42164,-0.62655,-0.84623,-2.4248,0.74481,0.90155,0.66798,0.89917,0.31191,-0.69671,-0.56139,0.34676,0.98968,0.12241,0.37052,-0.13016,1.9199,-1.3283,-0.46004,-0.58845,0.01254,-0.22598,-2.7703,2.4161,-2.7449,0.21571,-0.22802,0.19696,0.24054,-0.22888,-0.53717,-0.6566,-0.80927,-0.04535,-0.1633,0.84301,-0.76022,-0.38932,-0.70733,0.21085,0.67416,0.21227,0.0077541,0.31321,-0.31236,-0.10981,0.59988,0.47276,-0.27122,-0.053208,-0.40961,-0.19137,0.0088863,0.56421,-0.39465,-0.066099,0.40097,-0.021187,0.081176,0.13716,0.1565,-0.15331,2.075e-14
"21874_B",9.7901,-0.54841,-10.115,6.9458,-1.4697,3.1829,-2.492,-0.95495,-2.3874,-1.6588,0.66761,-0.97522,1.1377,1.875,0.62892,0.47278,-3.9446,2.0861,-0.18551,0.45005,-1.167,1.8061,2.7711,-0.10557,0.67653,-2.0832,0.066351,1.8216,1.2424,1.1767,-1.5662,-1.6496,-0.04071,-0.67368,0.47621,0.92977,2.3911,-1.4898,0.9189,-0.053143,1.7324,-1.7888,0.66656,0.38408,0.098428,0.74116,0.66262,0.51169,-0.60341,1.0752,0.96035,0.050537,-0.27601,-1.013,-0.64624,-0.094561,0.2596,-0.97915,0.15068,0.36279,0.85413,-0.3496,0.1117,0.77654,-0.22477,0.70366,-0.18067,0.76129,1.319,-1.0781,-0.57234,1.0469,1.2499,-0.7787,-1.2016,-0.52776,0.16033,0.52669,0.15762,-0.99715,-0.025986,0.43846,-0.11505,0.03368,0.21007,0.26044,-0.55964,-1.1972e-14
"21884_B",-3.9409,-4.8775,-5.0494,4.1411,-3.0671,1.3176,0.075988,-2.0124,1.004,-5.4295,2.2358,-4.2401,-0.41004,-0.69151,1.5043,0.12632,-0.44824,-2.0492,0.034018,-1.3837,0.49907,0.35453,-1.3917,-1.1521,-0.90999,-0.50619,0.63516,0.64856,1.4483,0.51286,0.15958,0.83557,-0.73498,2.9677,1.3993,-1.8285,-3.1602,0.78773,-0.1282,0.50064,-1.2431,0.84944,1.7479,0.70013,0.56472,-1.0789,0.31384,0.55381,0.87306,0.18923,-0.21069,-0.78158,1.2105,-2.8481,-0.57392,0.16191,0.80514,0.34318,-1.3347,0.81633,0.036821,1.1305,1.7531,0.47151,-0.12021,0.56968,-0.71889,0.31302,0.55245,0.26539,0.4573,-1.0763,0.44186,0.1846,-0.27003,-0.0099099,-0.22461,-0.095951,0.13623,-0.28624,0.064794,0.26648,-0.064386,0.23645,0.020731,-0.011538,-0.11137,-6.667e-15
"21916_B",1.0228,-5.0231,-4.9491,1.985,-0.15716,-1.6841,-3.0455,-3.91,-2.7132,3.161,-0.83197,1.0413,4.0968,1.6445,-2.0513,4.143,1.3225,-0.75391,0.43783,-1.3952,2.6425,4.734,2.6228,1.8975,0.38542,1.1518,-2.6775,-0.14756,-0.38043,-0.66089,0.67555,0.32285,-0.19613,0.12599,0.17902,-0.059202,-0.91247,0.087493,0.12694,-0.73984,-1.0151,1.156,-0.17251,0.055372,0.36905,0.68394,0.70765,0.46677,0.23874,-0.62403,-0.24452,-0.63385,0.055021,0.42758,0.15173,-0.18701,0.51613,-0.54403,0.19745,0.0069674,0.28598,0.37137,0.02124,-0.71554,-0.87695,-1.4847,-0.0050941,0.26618,1.1279,-0.84477,1.2621,0.15525,0.8424,-0.37238,-0.58486,1.0304,0.39086,-0.4705,0.33872,1.5204,-0.47958,-0.59069,0.65666,1.0677,0.21315,-0.018309,0.058024,-1.4129e-14
"21931_B",3.3929,0.14681,-10.685,2.2849,-1.6527,1.5491,-1.6049,-5.1873,0.2371,0.35765,-3.9112,1.437,-0.85257,-1.3653,-2.0269,-1.4845,0.88327,3.584,1.6818,2.8146,-0.86574,-0.95748,-2.4585,2.662,-0.31474,-2.1636,-0.16441,0.47055,-0.067399,-1.693,0.31106,-1.0388,0.98376,0.46278,-0.10119,-1.4153,-0.99248,-0.89428,0.76414,0.99712,-1.8195,-0.95953,-1.3989,0.6544,0.32152,1.4938,-0.46269,-0.50341,0.2881,0.024891,0.6164,-0.16045,0.028745,-1.0032,0.11621,-0.015462,0.21428,0.19628,0.33701,-0.11703,0.024235,0.26088,-0.42609,-0.38878,0.59253,-0.26261,-0.31366,-0.23937,0.39761,0.22039,-0.19766,-0.15886,-0.47599,0.90907,-0.49665,-0.082581,0.75296,0.161,-1.8649,-0.91466,-1.0149,-1.7091,0.47262,-0.0065538,0.76313,-0.075237,0.18635,6.7822e-15
"21946_B",-16.649,-2.983,-1.6559,6.2683,-6.2679,-0.66444,1.7771,-0.38269,-0.025142,-1.4722,-7.3438,1.0377,-1.708,-0.32888,-0.89839,0.41058,2.9247,1.9996,-0.46793,1.388,1.1736,-0.57891,-1.7419,1.0675,-0.339,-0.93833,-0.13162,-2.0921,1.4273,1.7051,-0.14537,0.392,-0.51869,0.2802,0.69628,1.87,0.29776,1.7005,-0.89361,-0.68525,1.2842,0.018267,0.86674,-0.25702,0.76118,-0.3655,0.80344,-0.96642,-0.030329,-0.011934,-0.16383,0.41244,0.39693,0.25794,-1.1505,-0.26619,0.12613,-0.37638,0.19614,0.19896,-0.27024,1.1001,0.13086,1.1578,0.69592,-1.8652,1.0963,1.1573,-0.29975,1.1298,-1.71,0.77484,1.0667,0.2426,0.21967,-0.26616,-0.70818,-0.94206,0.38709,0.14668,-0.78219,0.0025614,0.21225,0.25751,-0.17488,-0.22258,0.12963,7.7069e-15
"21103_A",-7.2802,1.0407,0.53059,-1.2764,5.6285,-2.2671,5.2248,-1.5785,3.7775,-5.6309,0.95479,-4.9907,-1.4134,0.43402,-2.9422,5.0567,-0.020022,1.9492,1.2389,1.9904,-3.5878,0.42432,-0.68681,0.80652,-3.2233,1.9216,-2.5524,-0.44837,0.46491,-2.4059,0.09442,0.50513,-0.9016,-1.566,-1.2038,1.1725,1.0024,0.83348,-0.86243,-0.32077,0.45376,-0.21966,0.41787,-1.1408,0.20119,0.078876,-1.1608,0.59428,0.58863,-0.34894,0.3395,0.81176,-0.48063,-0.42599,0.73792,0.68358,0.72821,-0.82357,-1.1906,-0.94901,0.0031971,-0.16077,0.48467,0.77821,0.70498,0.9658,-0.8569,0.43382,-0.59362,-0.97475,0.55535,1.0898,-0.018739,0.42397,0.3246,0.64937,-0.21649,-0.51367,-0.36995,-0.045674,-0.24586,0.068869,0.31224,0.23096,-0.26659,-0.088041,0.42992,-2.9485e-15
"21106_A",-11.602,9.0206,4.539,3.0999,1.9387,0.067535,2.183,1.3434,-3.8797,3.3668,1.0635,-0.17111,-0.47886,1.1192,1.8746,-3.5967,-0.19363,1.2299,1.7188,0.49349,-0.32954,0.22881,1.329,0.9625,0.14229,-0.43136,-1.2947,0.70541,-1.2944,1.2429,0.14447,3.6413,1.0693,-1.0864,1.0089,-0.88023,-1.0182,0.54483,1.1776,0.99893,0.83889,-0.78296,-1.1267,1.9352,0.54384,-1.0704,-2.0297,-0.88434,0.32653,0.84982,-0.49557,0.67633,0.27186,0.13024,0.61582,-0.33566,-0.26965,-2.654,-1.2156,-0.38218,-1.8014,0.14675,0.81467,0.2879,0.65627,-0.33607,0.23808,1.2089,0.90205,0.0017899,0.72812,0.18319,-0.47404,-0.42056,0.38528,-0.5845,0.21248,0.20519,0.14393,0.31397,0.21692,-0.45446,-0.17198,-0.244,-0.17137,0.18693,0.071438,3.0921e-14
"21117_A",-3.8852,7.2784,-1.331,-1.7041,2.2901,0.23281,2.2143,-1.9178,-0.64344,2.4515,3.4005,-1.3602,0.35602,0.20867,-2.945,1.5785,0.58917,0.83421,-0.26783,2.0271,-1.9583,0.62379,2.0597,1.0499,0.69306,-0.63529,3.1588,-2.205,-1.8263,2.985,-0.05936,1.7438,0.67125,0.82781,2.15,0.13888,0.39587,-0.28283,-1.2379,-0.14476,-0.636,-1.1963,0.081904,-0.27948,-1.0844,0.57375,-0.21764,-0.14249,-0.2817,0.18502,-0.35501,0.46966,-0.049303,-0.41154,0.38878,0.10345,-0.87523,1.3416,-0.73872,-0.3653,0.8037,0.025233,-0.42399,-0.37023,-0.41248,0.15134,-0.63653,-0.35295,0.40229,-0.0021129,-0.36263,-0.40403,0.45797,0.22223,0.38356,-0.22402,-0.78605,-0.0087088,1.2939,-0.89201,0.61208,-1.4614,1.316,0.59259,-1.2489,-0.23848,0.34811,-4.5994e-15
"21121_A",-11.479,10.241,3.7138,3.2266,2.1371,-1.6748,2.7334,1.8137,-0.91726,1.1149,1.1263,-0.0046679,-0.058697,0.91238,1.7472,-0.86426,-0.52809,-0.77472,-1.6235,0.40222,1.5299,0.8187,-0.2339,1.2387,-0.060672,0.69205,-0.16241,0.15162,-0.37453,-0.18469,-0.45332,0.43777,1.8073,-0.67321,-1.4686,-2.2372,0.62545,0.26406,-1.4911,-1.0588,1.1907,-0.38646,0.70699,0.44085,0.036009,-0.24013,-0.14317,0.45205,1.4776,0.25882,0.57673,-2.1015,0.41863,-0.82945,1.111,2.0148,-1.3937,1.4316,0.84856,-0.12784,-1.1798,1.5291,-2.2935,0.71556,-0.097513,0.25955,0.12971,0.54274,-0.24567,-0.24747,0.55983,0.40025,0.86995,0.89062,-0.96641,-0.50365,0.38421,-0.99926,-0.24034,-0.09796,0.44513,0.20642,-0.21331,0.050231,0.20929,0.14178,-0.0071062,4.6351e-15
"21134_A",-3.5541,12.439,1.8978,2.2836,3.5588,0.60952,0.31215,-3.6161,-0.45102,0.45555,-0.53997,2.5843,1.7863,1.4521,0.32131,-1.2992,-0.073314,-0.2537,-0.95448,-0.58345,-1.3264,-0.96174,-1.9309,-0.92382,0.98766,3.3358,0.5747,0.46205,-1.8963,0.19445,1.2978,0.58912,1.5706,-1.0493,-0.17872,-0.37224,-0.20867,-0.88451,0.53589,-0.89495,1.0913,-1.0808,1.1703,-0.36699,-0.31913,-0.20766,3.3338,0.99549,0.33514,-1.368,0.22608,0.40124,-2.1306,-0.71836,-0.27123,-1.0943,0.45575,0.26167,-0.98248,-1.0927,0.28972,0.12561,1.2871,-1.4992,1.2692,-0.32469,0.36537,0.61668,-0.086042,-0.14503,-0.39442,-0.5904,0.37262,0.69364,-0.50644,-0.82378,0.644,0.069613,-0.61589,0.46905,0.21936,0.63442,0.54203,-0.16356,-0.19565,0.10613,0.28173,-3.1898e-15
"21150_A",-12.738,13.819,4.4306,6.4189,1.9582,2.4178,1.8342,1.1444,0.035441,1.5255,-0.98806,1.8206,2.2658,0.61663,1.2259,-1.9136,0.47066,-2.891,-0.78385,0.66954,0.82777,-0.49641,-0.87677,0.54944,-1.5623,0.98753,-0.90438,0.41655,1.079,-0.57487,-0.089865,-0.7662,2.3664,-0.82119,1.0164,1.3642,0.30319,0.2584,-0.1703,1.1028,-0.47921,2.512,0.5824,0.33977,1.8142,1.9758,-1.7752,0.13147,-1.0016,1.2307,-0.81291,0.57411,-0.58725,0.13369,-0.64871,-0.69901,-0.32738,-0.29558,-0.81196,-0.2055,0.92064,-1.0133,-0.67273,0.25575,0.10682,1.6141,-0.53526,-0.43588,0.055947,1.2615,-0.42997,-0.90535,1.1216,0.65904,-1.3704,0.71296,-0.7805,0.094661,-0.011654,0.70798,-0.054722,-0.010472,0.0056661,0.19006,0.040829,0.21008,0.15607,1.7582e-15
"21151_A",-8.3814,10.921,3.9961,3.8635,1.5934,-0.33919,1.4587,0.5019,-0.11118,2.0649,0.99879,1.8362,3.6691,0.50476,0.77595,1.3546,-0.84279,-0.70713,-0.84897,1.3252,-1.9221,-0.78989,-1.3129,-0.22349,1.5603,-1.2931,-0.73561,-0.22826,1.0678,1.3837,1.4683,0.10443,-2.2333,-0.026882,-1.3914,-2.0384,-1.0364,1.314,0.16712,0.21177,2.7232,0.80589,-0.22153,1.2,-2.2147,1.4948,-0.69191,0.27613,-0.054325,-0.75391,0.25856,1.1312,0.68276,-0.60259,1.3929,1.5696,1.2911,-0.0036346,0.45993,-0.72165,0.23416,0.43305,0.50845,-0.44751,-0.52342,-0.21555,-0.43447,-1.3865,-0.031152,0.92556,-1.2694,0.23371,0.50484,-1.5066,0.088172,0.62382,0.46665,0.54298,-0.22633,0.13549,-0.5303,0.2333,-0.16898,0.097209,-0.079766,-0.43305,-0.01628,7.6481e-15
"21217_A",-5.8301,13.205,1.4651,4.5124,2.0945,2.2458,0.77539,-2.1886,-1.9447,1.2278,1.2299,1.3979,2.815,0.94239,0.51221,-2.4876,-0.49658,-1.5258,-0.51738,-0.67356,-1.2825,-0.86075,-2.0788,0.90631,-0.31278,0.18023,-1.1142,0.071567,-0.042814,0.63453,-0.68888,0.41789,-1.3525,1.9138,0.56627,2.3008,0.76399,-1.4004,0.46889,1.1032,-1.6586,-0.26126,-0.85044,-0.74378,0.71118,-2.036,-0.31194,0.14111,0.052377,-0.42262,0.55457,-0.47932,0.70475,-0.16444,1.4673,0.19142,0.95026,-1.2142,0.10811,1.2728,0.31215,-0.33601,-0.47323,0.10895,-0.88353,-0.67025,0.51852,0.25954,-2.4168,-1.0833,-0.84327,-0.44317,-0.057143,0.38135,-0.32278,0.69478,1.0711,-0.084962,0.52767,-0.80905,0.45021,0.31832,0.55861,0.65212,0.25855,-0.37342,0.0036887,-7.3337e-15
"21233_A",-12.006,10.425,4.2814,3.5264,2.0151,1.5331,1.1944,1.219,-0.84275,1.5451,-2.5942,-0.60491,-2.7659,-1.0986,-1.4603,-0.057042,0.91144,0.57662,0.93427,-1.3799,3.1042,0.48311,2.2346,-1.756,0.4027,-1.7692,1.4838,0.99074,0.70721,-1.2524,-1.1673,0.093115,-0.86527,-0.57285,-0.51369,0.61955,0.3303,0.12564,0.24479,3.2417,0.41336,-0.37924,0.67249,-1.2085,-0.73267,0.16476,0.56363,1.5471,-0.57565,-2.1827,-0.15203,-2.0518,0.39604,-0.57643,0.8662,-0.15066,1.2709,-0.22324,-0.40574,0.84281,0.57415,-0.21059,-1.0717,-0.36045,2.3545,-0.32228,-0.37251,-0.19893,0.14026,1.0927,0.84407,0.79898,-0.64043,-0.11601,-0.032254,-0.053798,-0.51954,0.70769,0.58566,0.061955,0.11798,-0.24841,-0.21681,0.31609,-0.099419,-0.19334,0.178,-1.3831e-14
"21235_A",4.9107,11.02,-1.5117,-0.66516,4.0406,0.58912,-1.8633,-6.0086,3.012,-0.64745,-3.4877,1.3329,-1.2439,-1.4248,-4.8486,-0.30998,1.1073,-0.60902,0.29949,-4.0564,0.85477,0.32839,-0.50421,-3.9366,-1.2853,-0.44215,0.7516,0.47613,-2.2588,0.72886,-0.28734,0.63324,-0.88097,-0.30793,-0.50216,-0.55454,-0.55491,0.061417,1.2337,-0.86952,1.6015,-0.084528,-0.53709,0.17177,0.11446,-0.1609,-0.41542,-1.0972,-0.34243,1.0591,-0.72017,0.65381,-0.5936,0.78021,-0.045129,0.36544,0.026257,0.91174,-0.41297,-1.171,0.01017,0.25862,-0.19107,0.25197,-0.2271,0.3988,0.24023,0.9284,-0.10404,-0.023964,0.45449,-0.29763,0.11582,0.048149,0.070543,0.67625,-0.57156,0.19919,0.38846,-0.95049,0.18153,-0.1156,-0.68257,1.1662,1.6765,-0.80861,-0.97752,1.1046e-14
"21241_A",-13.71,9.564,3.5862,2.8553,2.0314,-0.49278,1.7859,1.248,1.2042,-0.061109,-2.49,-1.7598,-2.4917,-2.2305,-0.97708,1.0068,1.3418,0.12733,1.8842,-1.1753,3.4308,-0.23376,1.9305,-1.4061,-0.46895,0.12601,1.2051,0.62914,0.13285,-1.5195,-1.1218,-0.51071,-0.56918,-0.45021,0.059481,0.099302,-0.32469,0.18052,0.81653,2.2266,-0.30964,-0.0044263,-0.75814,-1.3356,-1.3383,2.023,0.95905,1.2495,0.087107,-0.82733,0.67119,1.172,0.51857,1.2803,-0.56896,1.1523,-1.9103,-0.43133,-0.73743,0.82741,-1.4373,0.28263,1.216,0.40387,-1.9197,0.24588,-0.054581,0.097359,-0.0111,-0.90063,-1.0246,-1.0719,0.61999,0.093726,0.19849,-0.66626,0.6122,-0.30277,-0.46228,0.067838,-0.001464,0.066465,0.47464,-0.33301,0.053272,0.2782,0.14157,1.8388e-14
"21248_A",21.99,-0.64409,15.666,0.21942,1.3054,1.8296,-7.4212,2.7922,-0.92439,1.1847,-3.829,-7.7137,2.2029,0.76792,-2.1415,-2.8574,1.7096,0.91412,-3.0538,-1.8101,-1.4447,-0.2497,-0.092762,0.45546,0.59116,-0.10415,-1.2849,-0.8587,0.37299,-0.12384,0.18876,-0.85436,0.45316,-0.95579,0.17042,-0.36973,-0.15795,-0.52232,-0.65943,0.38711,0.59128,0.049388,0.029649,0.38968,-0.15655,0.23441,0.18428,-0.2354,-0.2226,-0.39647,0.33725,0.61223,0.090946,-0.24375,-0.07649,-0.35726,-0.27757,0.33859,0.57223,0.53283,-0.27592,-0.25782,1.6518,-0.43018,-1.3799,0.39038,-0.18244,0.00079327,-0.61337,1.558,0.96787,1.7669,-0.22687,1.301,-0.37254,-0.37527,0.76107,-0.1046,0.87938,-0.49264,-0.17497,-0.32805,-0.16369,0.47546,0.022928,0.4326,0.30848,4.0514e-15
"21257_A",6.9771,8.3108,-10.424,-11.885,-11.426,5.7652,5.2401,2.8121,-0.39782,2.6073,3.0842,-1.6192,1.4701,-4.9076,0.62621,-0.9687,1.6343,2.5732,-1.514,-0.70235,-0.033849,2.0793,-0.22317,-0.44007,-0.70226,1.0921,-0.47224,1.0915,-0.088041,0.23459,-0.54404,-0.77559,1.0997,0.28728,-1.8871,-0.26281,-0.15013,-0.11507,0.061745,0.35458,-0.06469,0.47083,0.19992,0.15035,-0.36346,-0.1811,0.035968,-0.22033,-0.19512,0.08492,0.17441,0.11493,-0.003736,0.096122,-0.031366,-0.44064,-0.59379,-0.74651,0.045439,0.24649,-0.36913,-0.33093,0.29463,-0.36473,-0.3713,-0.13374,0.13493,-0.19096,0.40546,0.30121,0.31362,0.49262,-0.17038,0.24964,-0.64216,-0.038259,-0.63024,-0.35314,-0.35902,-0.3333,-0.14071,0.95718,0.63394,-0.093664,-0.39914,-2.6035,0.24753,2.5221e-15
"21281_A",-6.9132,2.9194,-0.46616,-4.0009,-2.1705,-4.3115,-5.0367,6.4888,-2.2121,-1.1949,-1.0092,1.2087,0.080344,-1.9069,0.28149,1.8095,-3.1754,-1.0799,3.5162,-1.9968,-0.38375,0.14326,-2.5371,-1.0919,0.96563,-0.80677,-2.6229,-1.6176,0.60931,1.2449,-1.5418,1.7429,0.4002,-0.11512,-1.5496,-0.36159,0.2855,-0.40564,-0.78582,0.14797,-0.81061,-1.6639,0.49952,-0.797,0.63378,0.93579,-0.23745,0.15497,-0.62957,1.0606,-0.74375,-1.0814,-0.084067,-0.59163,0.50168,-0.64711,-0.22441,-0.42376,0.20267,-0.31415,-0.45192,-0.58438,0.2662,-0.99284,0.143,0.27395,-0.12937,-1.322,0.079406,0.2886,-0.13713,0.012147,0.44636,-0.26864,1.0872,-0.90811,-0.5841,-1.0016,0.16027,-0.20392,-0.15832,0.57794,1.4386,0.38863,1.3584,0.59353,0.00027305,-1.0451e-15
"21282_A",-6.2268,2.9357,-0.37848,-6.3251,1.1208,-3.3799,-5.2527,0.25252,3.0749,-1.0012,0.89956,1.9748,-0.70842,-2.6754,-0.2077,3.1987,0.96442,0.17596,0.013782,1.383,0.46099,-0.23766,0.8518,-1.0805,2.5928,-2.4002,0.63822,0.087312,0.39154,-1.3706,2.0182,-0.18295,1.2166,-1.0919,1.8966,-0.68704,0.68177,-0.56089,-0.30868,0.6538,0.56575,1.2055,-0.28425,0.27462,-0.10467,-2.4417,-0.68459,1.534,-0.029071,0.22381,0.62237,0.38441,-0.15755,-0.90936,0.79008,-0.76031,0.16408,-1.0326,0.58144,-0.11083,0.74339,-0.7049,0.36611,-0.39107,-0.40003,-0.097643,-0.097714,-0.4652,-0.18791,-0.53621,-0.82714,-0.01957,0.62745,0.81457,0.078845,-1.0239,-0.30281,-1.7244,-0.13892,0.6362,0.55556,-0.8645,-1.5876,0.14104,0.13294,-0.59517,-0.41897,5.5221e-15
"21289_A",0.97549,-1.3287,4.2992,-14.167,0.3794,10.211,5.3016,-2.316,-2.3522,-5.0114,-6.5903,-0.92553,3.2486,3.5139,1.9851,0.2039,0.93083,-2.9354,2.3427,1.5894,0.064395,-1.9026,1.0633,-0.7957,0.66013,-2.4101,0.91276,0.56318,-0.32987,-1.3523,-0.18797,1.3525,-0.15833,0.27639,-0.82528,1.2863,-0.47415,0.59784,1.1464,-0.80332,-0.65303,0.37235,0.3002,-0.35811,-0.35829,0.023174,0.42984,0.91262,0.18425,0.47451,-0.65072,-0.85307,0.28104,-1.1722,0.59751,-1.482,-1.3306,-0.36363,-0.089687,-1.6609,-0.24018,0.45059,-0.76564,-0.27386,-1.2606,-0.49024,0.15302,-0.32134,0.35607,-0.10338,-0.34576,0.91689,0.25765,0.48769,0.38711,0.64976,0.1253,0.81163,0.043234,-0.17587,0.030376,0.1801,-0.34449,-0.35924,-0.1253,0.18584,0.033816,-3.0132e-15
"21300_A",-6.1463,2.921,-1.6336,-5.5997,-1.5437,-3.0603,-2.5998,1.9994,-4.9067,-2.0435,-1.3333,1.1415,-2.0227,0.72176,-0.10552,1.1842,-1.4831,-0.47399,2.2597,-0.12262,-1.0953,-0.55478,1.0967,0.72696,-3.0086,1.5639,1.0168,-1.6421,-0.32791,1.2135,0.45645,-2.745,-0.055468,-1.078,0.62257,0.39234,-0.76258,-0.30001,-0.35109,0.51666,-1.4485,1.0787,1.1404,0.58678,-1.5231,-1.1162,0.074882,-0.65728,0.21375,0.37791,0.8715,0.57375,0.32513,-0.072934,-0.46129,-0.5348,-0.51358,0.26496,1.6695,-0.04136,-2.3663,0.032243,0.31022,-0.053931,1.9236,0.64854,-0.64376,-0.43472,0.030873,-0.29526,-0.62473,0.14204,0.72938,0.083338,-0.14003,0.59443,1.1953,1.178,0.61526,0.52004,0.51246,-0.1934,-0.10963,0.78761,0.21884,-0.51441,-0.21139,1.9607e-15
"21328_A",43.673,3.3045,19.841,2.5738,-14.063,-2.4391,1.3831,-5.1792,2.7512,2.0818,1.2902,1.1332,-2.5765,1.2195,1.2156,2.0997,-2.1577,-0.5884,2.9769,1.5108,-0.034849,-0.098161,0.0083029,-0.81446,-0.13228,-0.028253,-0.43597,0.67467,0.26277,-0.66402,-1.4001,-0.23621,-0.54282,0.75611,0.055617,0.9314,1.1108,0.2524,-1.0152,1.2057,-0.54744,-0.73141,-1.4057,3.0894,0.66965,-0.72959,0.60224,1.462,1.8624,-0.97927,-2.2856,0.81404,-0.89702,0.17238,0.069032,0.12555,-0.15784,0.71495,0.64544,-0.12802,-0.3185,-0.099782,0.024376,-0.12322,-0.03945,0.22661,-0.20861,0.29103,0.088028,0.20752,-0.20077,-0.003473,0.20232,-0.073338,-0.19181,0.19807,-0.31389,-0.089315,0.12319,-0.015156,-0.11584,0.11438,0.15587,0.095285,0.028551,-0.052526,0.0045462,-2.5732e-14
"21336_A",7.9951,5.457,-1.9933,-8.3559,-1.1899,4.7364,-2.7894,-0.8193,-0.88689,-1.2032,3.2193,3.4946,-3.4005,-0.074048,-0.46194,-2.7426,0.10108,-0.91032,-1.7126,-1.2224,0.28478,-0.48467,0.99741,2.3252,-0.7732,0.4491,-1.366,-1.367,2.1213,0.046812,0.45645,1.6394,-1.7169,-1.2644,1.9042,0.22225,0.033959,0.1099,-0.075638,-0.7186,0.29097,-1.1191,-1.2157,-0.062336,0.086877,0.86172,0.37172,0.67786,0.48427,-0.49671,0.63934,0.27894,0.099618,-0.12441,-0.6159,0.58673,0.72137,-0.072512,0.32556,0.22448,1.2595,-0.15797,-1.0467,0.98996,-0.34026,0.51246,-0.63375,0.43547,1.5683,0.75616,-0.028227,-0.51955,0.067401,1.5388,2.064,-0.055151,1.1247,0.23361,-0.0099162,0.5715,0.097967,0.95424,-0.050278,0.21529,0.24531,-0.40993,0.22301,-7.5254e-15
"21353_A",0.31305,2.4076,0.8555,-4.4548,-0.071005,-7.6445,-7.257,5.338,-1.2235,-1.6951,2.7145,-1.6457,-2.9816,1.1719,-0.43518,0.43458,-1.6365,-0.059905,-2.3648,0.70974,0.79348,2.1524,-0.90676,1.7421,-3.0185,-2.0091,2.7914,2.0429,0.21363,-0.053098,3.1186,0.78478,0.87787,1.8024,-2.3391,1.0345,0.95391,-1.1244,0.75498,-0.05229,0.45971,0.78788,-0.082811,0.40638,2.3102,0.77621,0.94527,-0.42789,-0.1168,-0.25564,-0.69782,-0.89781,-0.59704,1.0126,1.7016,0.86134,-0.76131,-0.45341,-0.52929,-0.21276,0.19735,0.48234,1.047,-0.04697,0.15566,-0.80253,0.020172,-0.17531,0.54914,0.071679,-0.95655,-0.14258,-0.11394,0.7585,0.3349,0.80753,-0.1573,0.76398,0.022438,-0.2934,-0.040654,0.090831,-0.26103,0.074402,-0.27146,0.14771,-0.13793,-7.3132e-15
"21385_A",8.4768,4.9324,-0.49431,-4.7803,3.7897,-5.7151,-7.79,-4.7362,3.7463,-1.5913,2.2688,3.561,1.2935,1.1369,3.3373,-3.6791,1.7498,1.4478,-2.6692,2.0815,-0.24179,-0.45126,3.9109,-0.19503,-0.10274,-0.92298,-1.2761,-2.1517,0.42624,0.8246,-2.5468,1.0229,0.21661,1.6756,-3.7696,0.53504,-0.68974,2.1285,0.65606,2.3848,-1.8877,-0.33957,2.1562,-0.64067,-0.2881,-0.80124,0.117,-0.23604,0.56714,0.47424,0.82367,0.84515,-0.16893,1.0465,-0.69484,0.516,0.49497,0.32451,-0.15765,-0.93419,0.28868,0.012427,0.1393,0.013212,0.02219,-0.016275,0.041083,-0.18656,0.16575,-0.15611,0.12411,0.27343,0.13879,0.089278,-0.31711,-0.072771,-0.21407,-0.20991,-0.1456,-0.014966,0.01052,-0.096519,-0.2014,-0.20727,-0.02283,0.21724,0.02765,-1.7864e-15
"21399_A",-6.4388,1.4146,1.9703,-8.8814,0.47137,-0.92139,-0.078384,-0.1587,-0.60029,-2.3317,-2.1289,0.93915,1.2989,2.3049,3.5699,0.69892,0.60656,1.6733,-1.0018,0.81017,1.5528,-0.51829,-1.118,0.9684,1.8078,3.2668,-0.05249,0.87325,-2.3021,0.040818,-2.2595,-0.38486,-2.6405,1.368,0.8827,-2.2997,-0.32255,-2.0258,-0.59695,0.75327,1.6245,-0.29215,-1.2254,-0.9092,0.30114,0.2524,-1.0776,-0.14679,-0.40197,-0.083397,0.28754,0.86725,0.2373,-0.20142,-0.0031434,0.49379,0.51964,0.23979,0.89635,1.0964,-0.38857,-0.33418,0.60466,-0.25222,0.5607,-0.14327,0.55296,-0.073838,1.0322,-0.82901,-0.45473,0.20316,-0.177,1.528,-0.34158,1.0615,-1.9654,0.25205,0.26109,0.14244,0.12204,0.12403,-0.023848,-0.18465,0.092148,0.6773,0.18626,-1.5374e-14
"21413_A",36.807,-5.1912,-1.3566,2.7512,6.6547,-9.8384,4.7188,0.31207,-5.3068,-0.39655,-2.975,0.99428,-2.0656,-6.0367,1.8362,-0.17771,1.6624,-3.2032,-0.3654,0.039118,-1.2859,0.85381,0.19787,0.90418,1.666,0.54178,0.25507,0.53015,1.5117,-0.40012,0.069538,0.36371,1.9767,1.6813,-0.94374,3.0503,-3.2858,-3.0623,-0.3798,0.12159,2.2835,-0.65204,-0.23171,-0.83061,-1.713,-0.41493,-1.1329,-0.36974,0.5925,-0.45651,-0.66121,-0.10247,0.31723,-0.23621,-0.80585,0.12501,-0.08008,0.040041,0.37094,-0.62262,0.47111,-0.30221,-0.092523,0.32358,-0.12139,0.26385,-0.15604,0.27875,0.20349,-0.11764,0.025917,0.060559,-0.035312,-0.041839,-0.033948,0.2365,0.085947,-0.10374,-0.17346,0.07683,0.02136,-0.032635,0.1039,-0.025217,-0.073137,0.053772,-0.031122,2.8791e-14
"21444_A",-3.1637,-11.049,1.6256,-3.8511,-3.0357,-9.2616,5.2442,-0.98661,-0.1977,-0.083522,-2.1759,1.8963,4.3966,0.69705,-1.429,1.4876,-3.3488,1.9277,-4.5551,-2.6356,1.4417,-2.6724,0.8543,-0.53774,-2.2289,-0.48867,0.35286,1.3094,0.1044,0.7212,-0.59256,0.8276,1.2893,-0.94782,1.2778,0.76341,-0.44588,1.0619,0.2164,-0.03875,-0.53466,-0.74223,-0.79097,0.048441,0.44344,0.10941,-0.0029678,-0.094633,-0.16143,-0.45633,0.078077,0.027922,0.31051,-0.49639,0.37193,0.40149,-0.25249,0.33685,0.099451,0.33151,0.983,0.20423,0.77901,0.44701,0.20844,0.17249,0.097285,-0.19458,-0.22983,0.19559,0.04755,0.59931,0.28018,-0.42721,-0.00026088,0.39535,0.28478,0.099055,0.038567,0.44466,1.4796,-0.72988,0.3915,-1.6954,1.3237,-0.51453,0.80605,-9.2786e-15
"21474_A",-8.0736,-9.3794,1.027,0.60562,-0.95467,1.1907,0.14637,2.0655,2.4727,2.3684,0.35763,2.1886,1.341,-1.4608,-1.2589,-4.4811,-2.0723,1.9422,2.3639,-1.177,-2.2256,-0.99471,2.2974,-0.048157,0.087882,-0.87635,0.5187,1.6346,-0.21434,-0.56039,0.80596,0.55088,-1.0121,0.3683,-0.23161,0.62631,-0.54922,-1.363,-3.139,-0.85813,0.40122,1.8676,0.22497,-0.84174,0.68746,0.10063,0.044349,0.63791,1.1431,0.1666,0.39913,0.79574,0.20554,0.15346,0.097507,0.36668,0.26382,0.24427,-0.72015,-0.50544,-0.24787,0.32774,-0.39091,-0.25518,0.23749,-0.41976,-0.6605,-0.27452,-0.37092,-0.88642,0.20051,-0.31898,0.19956,0.65265,-0.3146,-0.82683,-0.11882,0.64489,1.7385,0.34697,-1.9363,-0.066931,0.078123,-1.203,0.75476,-0.2847,-0.16615,-4.262e-15
"21482_A",-8.3388,-11.824,6.6632,-0.27882,2.6309,3.9785,-0.33633,2.1443,2.9337,4.1649,-0.95568,2.3463,0.69256,-0.6575,-1.8164,0.40441,-0.32571,-0.77552,1.2628,-0.32147,-1.0301,-0.95042,2.5892,1.3131,-0.89534,2.2556,0.022704,-1.4589,0.10774,0.21773,1.3296,-2.1446,0.21112,2.1709,-1.093,-0.64409,0.70847,0.99417,1.5721,1.055,1.414,-0.66951,-0.99175,-0.59678,0.6264,-0.45034,-0.35593,0.26156,0.262,0.25834,-0.37958,-0.49596,-0.15527,-1.1701,-0.037789,-0.24016,-0.018574,-0.064162,-0.14063,0.19989,0.11909,0.17725,0.41663,0.72341,0.074728,0.16282,0.53144,-0.26278,-0.24738,0.53412,0.38404,0.21521,0.20309,0.59893,0.36324,0.19499,0.081013,-0.056815,-0.41833,0.3684,0.4415,-0.14929,1.2878,-0.71356,-0.49631,-0.06313,-2.5904,-2.2689e-14
"21551_A",7.4795,-9.1309,-1.5379,-4.8324,4.3418,-3.365,-1.0209,-0.18327,-0.78107,2.183,4.1718,0.2081,1.2746,1.0156,-2.5193,-1.7517,-2.5753,-0.1731,0.8935,0.37031,1.1699,1.3562,-2.7947,1.2621,0.57658,-1.3248,1.5645,-1.9118,1.5475,-0.19617,-5.0917,0.3781,1.5666,-1.0658,0.29569,-0.027563,0.16209,0.2419,1.6079,-0.97023,0.57642,3.6902,-2.1423,-0.83297,-1.4169,-0.054145,1.5005,0.90198,0.72272,0.88222,-0.56327,1.2184,-0.22568,-1.0318,0.11738,0.24971,-0.2682,0.050335,-0.9427,0.45638,-0.11595,0.09799,0.062335,0.62771,0.86924,-0.32641,0.79295,-0.34006,-0.34134,0.044574,0.23558,0.34272,-0.43027,0.010183,0.0073574,0.0091814,0.0016856,0.031823,-0.21613,-0.11701,-0.18095,0.22439,-0.10322,0.49203,-0.23578,0.11433,-0.060291,-7.7095e-15
"21566_A",-11.472,-10.158,1.5958,-1.5461,-2.3385,-3.0947,2.1796,1.5026,4.0207,-0.17603,2.1451,-1.0289,0.69402,-0.27863,-3.2705,-0.62093,0.50246,-2.7952,-1.0587,0.94665,2.8703,-1.3735,0.30943,0.30266,0.040242,-0.22331,-1.5978,-0.50376,0.58356,-1.7156,-0.15986,1.0211,-0.22208,0.94693,0.1693,-0.65623,1.3852,-2.6679,1.7256,-0.23311,-0.22323,-0.99327,1.6464,1.9293,-1.6988,-0.06418,-0.011862,-0.79864,-0.17244,1.0547,0.37512,0.45325,0.13022,-0.092271,-0.063385,0.52716,-0.42434,-0.55743,0.75261,0.16982,0.50607,0.14174,-0.19619,-0.6714,-0.058494,-0.41173,-0.64024,1.0077,-1.6294,0.098508,0.38379,-0.035858,0.81338,0.15029,0.43836,-0.95963,-1.1993,1.9305,-0.68165,0.84661,-0.24225,0.0031031,0.27317,0.46368,-0.083155,-0.049819,0.19493,1.1033e-15
"21576_A",7.9906,0.13698,-21.417,-6.7145,1.918,-4.8328,-0.25483,0.079005,6.2075,13.219,-3.1273,-5.8948,-4.1758,5.259,4.416,-0.40704,-1.4264,-3.2395,-0.18255,0.087812,0.12631,-0.96233,-1.0179,-0.87775,-0.37488,-0.48915,-0.89239,0.98747,-0.33358,-0.11983,1.2521,-0.25325,-1.1139,-0.68632,0.57796,0.58488,-0.054755,0.6626,-1.3032,0.51538,-0.1835,-0.72403,0.069025,-1.0467,-1.4308,-0.062669,0.5268,0.062919,-0.15369,1.4742,-0.76427,-0.15186,-0.48131,-0.2776,-0.21201,-0.0319,0.40005,-0.23462,-0.00038276,0.042498,0.0044868,0.20207,0.013557,0.27328,-0.068375,-0.21122,-0.12627,0.10864,-0.08805,0.11357,-0.13982,-0.0092488,-0.01671,0.16651,-0.13858,0.33321,0.13281,-0.10325,-0.065968,0.090425,0.034506,-0.092092,0.008852,-0.10454,0.060596,0.017773,0.055883,-1.8507e-15
"21622_A",18.334,-3.5971,-2.6937,2.3653,4.0231,5.3569,0.95138,1.1425,-2.2966,-0.60426,-1.5649,1.5311,0.88704,1.5347,-0.94344,-3.1274,-3.0949,2.4783,-0.29524,3.8587,0.90968,2.3395,-1.5478,-4.973,-0.80049,2.225,0.22724,-0.931,0.96027,-0.72136,1.4224,0.1086,0.40746,0.45427,0.89487,-1.7873,0.50769,0.41094,0.69388,-0.95266,-1.0402,-0.24505,0.93847,-2.1458,-0.32056,-1.0856,-0.83792,0.39306,0.24443,-0.84841,-2.8209,0.05643,0.3984,1.0156,-0.6879,1.618,-0.77148,-1.4666,1.3968,-0.0336,1.0186,0.54923,0.31729,0.13874,0.13505,0.17513,-0.50276,-0.40329,0.17194,0.035204,-0.29273,0.16365,-0.37881,0.10668,-0.19381,-0.45447,0.13755,0.11199,0.26128,0.13686,0.002067,-0.31061,0.1519,0.17265,0.10882,-0.023757,0.028647,2.6619e-15
"21658_A",-3.2152,-10.757,3.7716,-1.9117,3.0104,3.2241,-0.59302,1.9567,-0.54614,0.63922,1.2936,2.8098,-1.0293,0.62129,-0.84707,-1.2319,-1.0329,-0.60033,0.47873,-0.29894,1.4994,3.1009,-3.2287,2.2938,0.12824,-1.1822,-0.25397,0.50955,-3.5341,-0.99672,-0.68373,-0.81471,0.4493,0.11129,0.19313,0.76514,-0.34006,2.2056,-0.82753,0.59621,0.61843,-0.83619,1.4749,-0.21173,-0.61745,-0.53363,-0.49766,0.66035,-0.88832,-0.69623,0.02058,0.49048,0.022393,-0.044878,-0.1168,0.21273,-0.55735,-0.15873,0.94828,0.23051,0.26617,-1.2087,0.45935,-0.70699,0.25632,-0.13113,-0.17667,0.81635,-0.25527,0.22646,1.1623,-0.87987,1.9978,-0.37251,0.97358,0.96632,0.35946,-0.23109,-0.088506,-1.4604,-0.57947,-0.047416,-0.66382,-1.0221,-0.37409,-0.06232,0.13889,-1.0368e-18
"21686_A",33.958,-2.3695,-4.187,2.9942,4.3192,-1.2773,4.5828,7.3211,0.222,-0.87043,3.926,2.9826,0.55636,4.4677,0.87312,2.456,6.3103,2.425,1.9929,-2.9963,-0.32261,-1.2768,-0.46816,-0.41621,-0.54089,-1.4674,0.59921,-1.214,0.19403,-0.3759,-0.4286,-0.050952,-0.50108,0.31413,0.5659,0.084898,-0.076167,0.069372,-0.76463,0.45641,-0.095842,-0.29574,-0.4881,0.72345,0.42771,0.51238,0.83093,0.012816,-0.40177,0.15286,1.4973,-0.065043,-1.2906,-0.19214,-0.4469,0.15098,-0.58258,-2.005,1.1875,-0.52262,0.70106,2.3485,0.02028,-0.41474,0.1515,0.89516,0.5023,-0.47898,-0.41755,0.31222,0.57171,-0.79037,-0.45329,0.027997,-0.37444,0.28679,-0.2434,-0.079008,0.4851,-0.25858,-0.023855,-0.0044253,-0.11674,-0.0098662,-0.0040149,0.052192,-0.077279,1.4015e-14
"21730_A",-10.064,-8.1818,2.1582,1.8678,-1.5136,1.7683,0.83072,2.9389,2.4226,-1.9864,0.01746,1.5598,-2.2031,2.2891,-1.9778,-1.0026,2.7323,-2.9453,-1.5639,2.3821,-0.15086,2.2203,0.20659,-1.3203,1.2482,0.1716,-1.8006,2.1444,-0.21489,3.5502,0.10698,-0.82702,0.55932,-2.0516,-0.38941,0.57309,-0.89532,-0.54479,-0.31991,1.1078,-0.66655,-0.23126,-0.43339,-0.83465,0.12948,0.51901,0.065546,-0.61026,0.74432,-0.2792,-0.98914,1.1059,0.80506,0.59409,2.3274,-2.1775,0.43535,0.94124,0.64264,0.65001,0.64955,1.7366,0.35404,0.90268,0.2102,1.1141,1.0487,-0.60537,0.12322,-0.99584,0.55975,-0.14356,0.27526,0.0016128,0.29879,-0.67152,0.030066,0.33643,-0.57565,-0.13635,-0.30692,0.081584,-0.11508,0.11395,-0.10618,-0.14387,0.17439,-3.8409e-15
"21786_A",-4.0454,-8.4982,0.45704,-0.52607,-1.4377,-2.068,-2.7382,-5.8803,-7.8557,0.47003,4.3451,-1.2302,2.3228,-0.76934,0.20409,-2.2015,3.601,-0.19979,2.3308,1.4177,2.7921,-2.8187,-1.5503,-0.79092,-0.4648,-0.01731,0.011076,1.8901,0.82185,-0.12089,0.97935,-0.33425,-0.42981,-1.7109,-0.6137,0.081387,1.2922,1.2585,-1.2559,0.76839,0.94999,-1.3657,-0.59177,-1.5576,0.45491,-0.48413,-0.91198,-0.79912,0.66295,0.41072,0.89477,0.71682,-1.0639,-0.40216,0.23996,-0.70116,-1.5523,0.96282,-0.04589,0.57651,0.75831,0.32172,0.47819,0.47549,0.099106,-1.4065,-2.1543,-0.35623,-0.096597,-0.0066384,0.26658,-0.30442,-0.42437,-0.71962,-0.29445,0.20785,-0.18649,-0.098126,-0.014021,0.17037,0.19686,0.63663,-0.0067833,0.46942,-0.0084314,0.16314,-0.3871,-2.8662e-15
"21787_A",-14.012,-4.3467,-0.98178,5.1222,-5.9224,0.71208,-1.8587,0.66581,-3.9242,0.56489,0.33494,1.5794,-2.9373,0.7137,-0.46308,1.4271,2.347,-1.9369,-3.2533,0.05262,-2.878,-1.6502,0.45615,-2.268,0.41901,0.06192,0.19655,1.0924,-0.70101,-1.8527,-0.79203,0.44896,0.045012,1.2278,-0.10747,-0.11429,0.22156,0.14093,1.0049,-1.6841,-0.15818,-0.49249,-0.54988,-0.37079,-0.41436,-0.39827,-1.4238,0.25258,1.251,0.72762,-0.12202,-0.25164,-2.0773,0.8872,-1.4079,0.3622,0.42992,-0.2331,-1.7434,2.2034,-0.67023,0.7793,-0.5824,-1.1998,0.13156,0.16095,0.30862,-1.7422,0.11319,-0.038956,0.23015,0.98071,1.2586,0.045018,0.55494,0.28068,0.43923,0.069829,-0.05664,-0.29026,-0.12926,-0.26058,-0.39228,-0.0060953,-0.17598,-0.086146,0.23597,-8.0084e-15
"21837_A",-7.0848,-5.9993,-1.6393,3.3872,1.3468,4.2835,-3.188,-2.1072,0.1917,1.3792,-0.20637,0.88465,-0.4447,0.35609,3.0348,0.26062,0.16377,0.024092,0.18091,-1.692,-2.1271,2.2598,-0.35088,0.26407,-0.68778,0.99486,0.93131,0.3281,0.66739,-1.2317,-0.24205,1.6278,-0.98376,-2.1333,-2.0937,-0.98691,1.6344,-1.3521,-1.6522,0.33744,-0.29348,-0.40469,-1.4402,1.1833,-0.49785,-1.8284,-0.15814,0.24168,-0.47026,-0.20041,0.747,-0.67535,3.0448,0.57984,-1.4307,-0.4957,-2.0038,0.67202,-1.2931,-0.3667,1.5968,0.37174,0.72746,-0.54528,0.57871,0.78697,1.0191,-0.078216,-0.38634,0.37268,-0.63189,0.1491,0.21423,-0.36358,0.23233,0.71205,-0.059625,0.19037,-0.38009,0.43683,-0.18319,-0.31182,0.073549,0.22821,0.056201,-0.025959,0.092626,-3.4987e-15
"21840_A",-12.788,-6.8276,-1.3597,5.2738,-2.2965,3.376,-0.60653,-1.5911,1.7729,-1.5943,-0.67366,-0.45897,-0.46695,-0.19841,2.3229,1.6678,0.076358,-1.5052,-0.77473,-0.26833,-1.9764,0.59721,-0.11567,-0.79408,1.2544,1.4141,1.9783,-1.3755,-0.40948,-2.2578,0.31329,0.74776,-0.26383,-1.1293,-0.47537,1.4741,-0.78682,0.84342,0.073583,0.74879,0.21818,-0.6623,-1.0666,1.5689,0.47178,0.18526,1.1469,-2.028,-1.7296,0.031277,-0.56677,0.54106,0.30777,-0.44804,-0.0072243,1.4144,-0.098995,-0.40728,0.50689,-0.63323,-0.0039914,-1.142,-0.058588,1.5938,0.35259,-1.5957,0.19551,-2.2592,0.072402,-0.58481,1.4467,-0.62964,0.37195,0.7973,-0.70655,-1.053,0.15695,0.34212,0.27448,-0.26162,0.44511,0.36556,-0.070667,0.2266,0.030396,-0.039003,0.28262,-1.8276e-14
"21864_A",-15.087,-6.3892,0.34698,5.6142,-5.9268,0.83224,1.385,-0.78578,-1.284,-0.29804,-0.71186,-0.44791,-0.22059,-0.02584,3.5757,-0.73705,0.23697,1.1018,-1.0413,-2.2337,0.0086205,1.584,0.089508,-1.5539,1.9858,-0.53044,0.95575,-2.6531,-1.6115,-0.64577,1.0025,0.85048,-1.4609,-0.44365,-0.75751,0.70717,0.55772,-0.52436,0.97406,-0.21398,-0.79634,0.81643,1.3311,-0.12912,-0.98596,0.42957,-1.1036,0.15265,1.5963,0.41687,0.84714,-0.80866,-2.6834,-0.9894,1.5086,0.2593,-1.0915,0.53025,0.82816,0.39067,0.56349,-1.5364,0.81934,1.5533,0.016338,0.99194,1.1361,0.66754,0.20673,0.17781,-0.34096,-0.3775,-1.0263,-0.31356,0.32243,0.37047,0.20957,-0.002177,0.10931,0.59034,-0.91,-0.5679,0.27748,0.1131,0.11571,-0.097505,0.16024,1.4758e-14
"21872_A",21.986,1.7428,-9.6481,9.6781,-0.15789,6.5999,-1.5968,2.9183,1.3495,-4.0682,1.7371,-0.64871,0.61273,-1.6908,0.21734,1.9658,-1.3268,-0.77313,-0.83663,0.16998,3.4076,-3.747,1.8552,2.1944,0.81047,0.72456,0.24511,0.085778,-2.5987,1.175,-0.32486,0.14273,0.35375,-1.3117,-2.5744,0.98496,-0.34815,-0.23607,-0.38994,-1.6461,-0.27799,-0.2698,-0.57355,-0.12758,-0.052685,-1.3887,-0.95252,3.1913,-2.5501,1.6016,-1.0615,0.36995,-0.17818,0.39778,0.24587,0.32423,0.71035,0.59616,0.2875,0.38702,-0.53566,0.67349,0.63573,0.48653,0.14212,-0.49847,-0.38559,0.1372,-0.090658,0.62506,-0.11373,-0.33259,-0.65446,0.14246,-0.017202,0.033882,0.34361,0.16394,-0.20823,0.2531,-0.32196,-0.37908,0.17429,0.068591,-0.10973,-0.064987,0.26476,2.5954e-14
"21874_A",10.673,-0.57839,-9.6454,7.5417,-1.1339,4.2243,-3.4012,0.2309,-3.0933,-2.1404,0.047963,0.018871,-0.11847,1.6887,-0.30968,0.077426,-4.9877,1.7225,-0.32178,0.41363,-0.59059,0.10117,2.1436,-1.2813,0.74948,-1.0241,0.038038,2.1245,0.58739,0.33873,-0.86579,-0.95532,0.08324,-0.48453,0.65658,0.91515,1.6735,-0.54862,0.76343,0.83951,1.7037,-0.44867,1.4925,-0.30486,-0.020252,0.79568,0.14291,-1.6787,1.2293,-0.04211,-0.039684,0.68785,0.66206,-0.82822,-0.35789,-0.12952,0.20794,0.37595,-0.05903,-0.85573,-1.3652,0.366,-0.31473,-0.7066,-0.60591,-0.309,0.48603,-0.49627,-1.3255,0.58772,0.83045,-1.4128,-0.82235,0.77098,1.0723,1.2539,-0.51983,-1.0523,-0.35336,1.009,0.26374,-0.29241,-0.15666,-0.066629,-0.40512,-0.29585,0.4305,-1.7602e-15
"21884_A",-4.1309,-3.7447,-6.207,5.8365,-3.0208,1.8796,0.087826,-2.0918,2.1968,-7.085,2.5548,-3.2741,0.36468,0.70153,2.3157,-0.79216,-0.85006,-0.96831,1.3015,-2.1857,-0.87308,1.298,-0.51997,0.94863,-0.90297,0.35205,-0.34809,1.1091,1.8603,0.88367,0.56404,-0.14215,1.2418,2.3971,2.7464,-2.3624,-1.7866,0.49354,-1.1526,2.2821,1.4022,-0.21293,-0.10233,-0.63112,-0.49336,-0.27742,0.82264,1.1874,-0.89125,1.0207,0.16691,0.82448,-1.4432,2.2546,0.76968,-0.16904,-1.0831,0.25332,-0.0055665,-0.59718,0.31244,-0.80409,-1.3861,-0.24003,0.24641,-0.56038,0.78702,-0.11868,-0.5818,0.15422,0.045366,1.2528,-0.24467,-0.18248,0.44737,0.16508,0.42059,0.17451,-0.19698,0.37584,0.094255,-0.2526,0.27983,-0.0467,0.18931,-0.035576,-0.070046,-4.5494e-15
"21916_A",-0.35237,-3.8616,-5.7713,3.4291,-0.65726,-0.63172,-2.9037,-5.0749,-2.4078,2.5042,-1.4513,0.92902,4.8761,1.0598,-0.88007,3.2561,0.98679,-1.3509,0.63525,-2.1176,2.4656,4.9596,2.5056,1.4873,-0.12659,1.6826,-2.5621,0.39326,0.40211,-0.43635,1.0535,1.0897,-0.047912,0.41321,0.54612,0.25359,0.12717,0.42926,-0.6369,-0.71939,-0.32521,0.51203,0.017901,0.19043,-0.41836,0.19397,-0.48438,0.17411,0.55527,-0.22475,0.060134,-0.097784,-0.43465,0.14007,-0.41507,-0.24624,0.22459,0.064179,0.0068805,-0.29644,-1.038,0.11931,-0.060904,0.43343,0.60162,0.5951,-0.38818,-0.75344,-0.96775,0.63588,-1.4375,-0.19348,-1.2297,0.62514,0.47465,-1.0967,-0.62051,0.59194,-0.30003,-1.8252,0.4697,0.42917,-0.72862,-0.83254,-0.26414,0.10362,0.052415,-3.0145e-15
"21931_A",2.5206,2.3278,-10.929,3.5253,-2.3815,1.7833,-2.5926,-3.6398,0.24663,1.6036,-4.9948,2.0724,-0.42606,-0.57974,-2.7586,-0.43788,1.4039,3.5571,0.67795,2.5294,-0.66661,-0.32996,-2.2636,2.6868,0.47338,-1.382,-0.14582,0.53109,0.18742,-1.9555,0.61739,-0.6921,1.3801,-0.0038208,-0.35763,-1.1194,-1.4237,-1.1373,0.69776,0.32326,-1.9797,-0.94154,-0.49646,0.34283,-0.35419,0.78834,-0.22692,0.51809,-0.47577,0.61808,-0.15095,-0.36179,-0.30188,0.13704,0.71443,0.72976,0.0529,0.88515,-0.26147,-0.26496,-0.10089,0.063474,0.53116,0.25578,-0.10184,0.86811,0.63606,0.14841,-0.58235,-0.21791,0.35462,0.22239,0.14896,-0.855,0.5991,0.0070103,-0.41898,-0.099118,1.9687,0.9967,1.0377,1.6857,-0.56318,-0.37123,-0.6585,0.18115,-0.15968,4.734e-15
"21946_A",-15.904,-2.0301,-3.18,4.1783,-6.0833,-2.715,1.9925,-0.49528,0.29907,1.0457,-7.4325,0.8392,-2.8604,0.025454,0.10996,0.097566,3.1061,3.2716,-1.113,0.90688,1.1918,-0.50925,-1.4742,2.0072,0.017537,-0.66136,-0.74581,-2.0472,1.4288,3.3963,-0.19803,0.5508,-0.19009,0.90688,-0.2111,0.19047,1.9763,0.27364,-0.85765,-0.94734,1.9539,1.1442,1.0389,0.06567,0.34084,-1.6802,1.0502,1.1633,-0.065876,-0.18357,-0.48277,0.23082,0.37415,0.11018,0.14868,0.17469,-0.49284,-0.41528,-0.56925,0.025901,-0.1368,-1.0757,-0.25332,-1.065,-1.0208,1.0608,-0.79521,-0.90653,0.40387,-0.92653,1.354,-0.80712,-0.99726,-0.065542,-0.17126,0.25615,0.33305,1.0297,-0.57148,-0.084539,0.57487,0.038945,-0.18676,-0.02113,0.20266,0.21269,-0.16007,-8.9208e-16
